"","Query","VIP","Comp1","coefficient","Level1","Level2","Level3","Level4","VIP.sign","fct_reorder.Query..VIP.sign."
"1","K06163",1.52634240432386,0.057431143328665,0.00677075699295343," 09100 Metabolism","  09106 Metabolism of other amino acids","   00440 Phosphonate and phosphinate metabolism","    K06163  phnJ; alpha-D-ribose 1-methylphosphonate 5-phosphate C-P lyase",1.52634240432386,"K06163"
"2","K01655",1.43098242925437,0.0780113044355154,0.00634774626074773," 09100 Metabolism","  09101 Carbohydrate metabolism","   00620 Pyruvate metabolism","    K01655  LYS21, LYS20; homocitrate synthase",1.43098242925437,"K01655"
"3","K11710",1.37713590153787,0.0188066862534455,0.00610888651797313," 09130 Environmental Information Processing","  09131 Membrane transport","   02010 ABC transporters","    K11710  troB, mntB, znuC; manganese/zinc/iron transport system ATP- binding protein",1.37713590153787,"K11710"
"4","K03806",1.36607439390342,0.069421805267122,0.00605981837968623," 09180 Brite Hierarchies","  09181 Protein families: metabolism","   01011 Peptidoglycan biosynthesis and degradation proteins","    K03806  ampD; N-acetyl-anhydromuramoyl-L-alanine amidase",1.36607439390342,"K03806"
"5","K14584",1.36196742437476,0.048848452485482,0.00604160012631315," 09100 Metabolism","  09111 Xenobiotics biodegradation and metabolism","   00626 Naphthalene degradation","    K14584  nahD; 2-hydroxychromene-2-carboxylate isomerase",1.36196742437476,"K14584"
"6","K09736",1.33917115378896,0.0868474814740277,0.00594047733234189," 09190 Not Included in Pathway or Brite","  09194 Poorly characterized","   99997 Function unknown","    K09736  K09736; uncharacterized protein",1.33917115378896,"K09736"
"7","K00374",1.31493244846899,0.0439330723582459,0.00583295599041993," 09100 Metabolism","  09102 Energy metabolism","   00910 Nitrogen metabolism","    K00374  narI, narV; nitrate reductase gamma subunit",1.31493244846899,"K00374"
"8","K25034",1.30229336444797,0.0516333004345795,0.00577688982448137," 09180 Brite Hierarchies","  09183 Protein families: signaling and cellular processes","   02000 Transporters","    K25034  btuF; cobalamin transport system substrate-binding protein",1.30229336444797,"K25034"
"9","K12426",1.28070345113246,0.0634544519904101,0.00568111835397504," 09180 Brite Hierarchies","  09181 Protein families: metabolism","   01004 Lipid biosynthesis proteins","    K12426  fadD26; long-chain fatty acid adenylase/transferase FadD26",1.28070345113246,"K12426"
"10","K22902",1.2769190568354,0.0230372146922067,0.00566433102363662," 09100 Metabolism","  09107 Glycan biosynthesis and metabolism","   00572 Arabinogalactan biosynthesis - Mycobacterium","    K22902  K22902; D-galactosaminyltransferase",1.2769190568354,"K22902"
"11","K19231",1.26695016036551,0.0224283655959476,0.00562010963838628," 09180 Brite Hierarchies","  09183 Protein families: signaling and cellular processes","   02000 Transporters","    K19231  bmaC; fibronectin-binding autotransporter adhesin",1.26695016036551,"K19231"
"12","K05778",1.25948118342551,0.0243250827180362,0.00558697773580436," 09180 Brite Hierarchies","  09183 Protein families: signaling and cellular processes","   02000 Transporters","    K05778  ynjC; putative thiamine transport system permease protein",1.25948118342551,"K05778"
"13","K02019",1.25739697284094,0.0569266704101279,0.00557773231135026," 09180 Brite Hierarchies","  09182 Protein families: genetic information processing","   03000 Transcription factors","    K02019  modE; molybdate transport system regulatory protein",1.25739697284094,"K02019"
"14","K15740",1.25083653925235,0.0779906132751311,0.00554863064879349," 09100 Metabolism","  09108 Metabolism of cofactors and vitamins","   00790 Folate biosynthesis","    K15740  mptN; tetrahydromethanopterin:alpha-L-glutamate ligase",1.25083653925235,"K15740"
"15","K20971",1.2492054254715,0.0243484889797469,0.00554139513269519," 09140 Cellular Processes","  09145 Cellular community - prokaryotes","   02025 Biofilm formation - Pseudomonas aeruginosa","    K20971  ladS; two-component system, sensor histidine kinase LadS",1.2492054254715,"K20971"
"16","K14051",1.24193445240701,0.0447662482307319,0.00550914156260338," 09140 Cellular Processes","  09145 Cellular community - prokaryotes","   02024 Quorum sensing","    K14051  gmr, pdeR; c-di-GMP phosphodiesterase Gmr",1.24193445240701,"K14051"
"17","K20866",1.2328163720993,0.0770619487600015,0.00546869434326986," 09100 Metabolism","  09101 Carbohydrate metabolism","   00010 Glycolysis / Gluconeogenesis","    K20866  yihX; glucose-1-phosphatase",1.2328163720993,"K20866"
"18","K19969",1.22747909610678,0.0352865421468679,0.00544501852934546," 09100 Metabolism","  09110 Biosynthesis of other secondary metabolites","   00525 Acarbose and validamycin biosynthesis","    K19969  acbC, salQ, valA, cetA; 2-epi-5-epi-valiolone synthase",1.22747909610678,"K19969"
"19","K04114",1.21035650396853,0.0767503945060738,0.00536906380900937," 09100 Metabolism","  09111 Xenobiotics biodegradation and metabolism","   00362 Benzoate degradation","    K04114  bcrA, badF; benzoyl-CoA reductase subunit A",1.21035650396853,"K04114"
"20","K00662",1.20663677431014,0.0518870749525005,0.00535256332685997," 09180 Brite Hierarchies","  09183 Protein families: signaling and cellular processes","   01504 Antimicrobial resistance genes","    K00662  aacC; aminoglycoside 3-N-acetyltransferase",1.20663677431014,"K00662"
"21","K16423",1.20256163682675,0.091539703047258,0.00533448627839771," 09100 Metabolism","  09109 Metabolism of terpenoids and polyketides","   01055 Biosynthesis of vancomycin group antibiotics","    K16423  hpgT, nocG; (S)-3,5-dihydroxyphenylglycine transaminase",1.20256163682675,"K16423"
"22","K06914",1.18249082843284,0.0967116476672036,0.0052454534598753," 09100 Metabolism","  09102 Energy metabolism","   00680 Methane metabolism","    K06914  mfnD; tyramine---L-glutamate ligase",1.18249082843284,"K06914"
"23","K04098",1.1800603600176,0.0434288612257272,0.00523467205789626," 09100 Metabolism","  09111 Xenobiotics biodegradation and metabolism","   00362 Benzoate degradation","    K04098  chqB; hydroxyquinol 1,2-dioxygenase",1.1800603600176,"K04098"
"24","K21298",1.1727174918779,0.0476600638516345,0.00520209956586277," 09190 Not Included in Pathway or Brite","  09191 Unclassified: metabolism","   99980 Enzymes with EC numbers","    K21298  E2.4.1.333; 1,2-beta-oligoglucan phosphorylase",1.1727174918779,"K21298"
"25","K00217",1.1565465619699,0.0299567284895832,0.00513036635813231," 09100 Metabolism","  09111 Xenobiotics biodegradation and metabolism","   00362 Benzoate degradation","    K00217  E1.3.1.32; maleylacetate reductase",1.1565465619699,"K00217"
"26","K17762",1.13322781697375,0.0884145899349649,0.00502692590119269," 09180 Brite Hierarchies","  09182 Protein families: genetic information processing","   03021 Transcription machinery","    K17762  rsbS; rsbT antagonist protein RsbS",1.13322781697375,"K17762"
"27","K01146",1.13285999461676,0.0557505149447253,0.00502529426481237," 09190 Not Included in Pathway or Brite","  09192 Unclassified: genetic information processing","   99976 Replication and repair","    K01146  xni; protein Xni",1.13285999461676,"K01146"
"28","K14727",1.12778171819294,0.0534091614088913,0.00500276735636027," 09100 Metabolism","  09111 Xenobiotics biodegradation and metabolism","   00362 Benzoate degradation","    K14727  pcaL; 3-oxoadipate enol-lactonase / 4-carboxymuconolactone decarboxylase",1.12778171819294,"K14727"
"29","K09897",1.1208359792899,0.017007216768709,0.00497195650414538," 09190 Not Included in Pathway or Brite","  09194 Poorly characterized","   99997 Function unknown","    K09897  K09897; uncharacterized protein",1.1208359792899,"K09897"
"30","K00387",1.11897915721766,0.044869184057711,0.00496371976054534," 09100 Metabolism","  09102 Energy metabolism","   00920 Sulfur metabolism","    K00387  SUOX; sulfite oxidase",1.11897915721766,"K00387"
"31","K06965",1.11854124697645,0.079621883899811,0.00496177721880661," 09120 Genetic Information Processing","  09122 Translation","   03015 mRNA surveillance pathway","    K06965  PELO, DOM34, pelA; protein pelota",1.11854124697645,"K06965"
"32","K18482",1.10989921801001,0.0544801200232848,0.00492344173268499," 09100 Metabolism","  09108 Metabolism of cofactors and vitamins","   00790 Folate biosynthesis","    K18482  ADCL; 4-amino-4-deoxychorismate lyase",1.10989921801001,"K18482"
"33","K09120",1.10879384733348,0.050046081696792,0.00491853837927181," 09180 Brite Hierarchies","  09182 Protein families: genetic information processing","   03400 DNA repair and recombination proteins","    K09120  dU; endonuclease dU",1.10879384733348,"K09120"
"34","K14682",1.10813253851192,0.0563190147635287,0.00491560485576134," 09100 Metabolism","  09105 Amino acid metabolism","   00220 Arginine biosynthesis","    K14682  argAB; amino-acid N-acetyltransferase",1.10813253851192,"K14682"
"35","K02339",1.10739367555573,0.068690218598132,0.00491232730708467," 09120 Genetic Information Processing","  09124 Replication and repair","   03030 DNA replication","    K02339  holC; DNA polymerase III subunit chi",1.10739367555573,"K02339"
"36","K10943",1.09266092242062,0.0559624671061572,0.00484697375926184," 09130 Environmental Information Processing","  09132 Signal transduction","   02020 Two-component system","    K10943  flrC, fleR, flaM; two-component system, response regulator FlrC",1.09266092242062,"K10943"
"37","K07182",1.08893986534485,0.0730439028765561,0.00483046738877406," 09190 Not Included in Pathway or Brite","  09193 Unclassified: signaling and cellular processes","   99995 Signaling proteins","    K07182  K07182; CBS domain-containing protein",1.08893986534485,"K07182"
"38","K04037",1.08755103942634,0.0883390133623744,0.00482430664609069," 09100 Metabolism","  09108 Metabolism of cofactors and vitamins","   00860 Porphyrin metabolism","    K04037  chlL; light-independent protochlorophyllide reductase subunit L",1.08755103942634,"K04037"
"39","K19687",1.08591099929733,0.00451051809186721,0.00481703153328458," 09180 Brite Hierarchies","  09183 Protein families: signaling and cellular processes","   02048 Prokaryotic defense system","    K19687  vapB; antitoxin VapB",1.08591099929733,"K19687"
"40","K21741",1.08587007877619,0.0517732040910441,0.0048168500124778," 09190 Not Included in Pathway or Brite","  09194 Poorly characterized","   99996 General function prediction only","    K21741  rclC; reactive chlorine resistance protein C",1.08587007877619,"K21741"
"41","K12276",1.08036162000143,0.0471911659303304,0.0047924148427125," 09140 Cellular Processes","  09145 Cellular community - prokaryotes","   05111 Biofilm formation - Vibrio cholerae","    K12276  mshE; MSHA biogenesis protein MshE",1.08036162000143,"K12276"
"42","K04113",1.07814249188556,0.0892381750994988,0.00478257093274433," 09100 Metabolism","  09111 Xenobiotics biodegradation and metabolism","   00362 Benzoate degradation","    K04113  bcrB, badE; benzoyl-CoA reductase subunit B",1.07814249188556,"K04113"
"43","K03656",1.07618728351082,0.0468432833454835,0.00477389775381772," 09180 Brite Hierarchies","  09182 Protein families: genetic information processing","   03400 DNA repair and recombination proteins","    K03656  rep; ATP-dependent DNA helicase Rep",1.07618728351082,"K03656"
"44","K21726",1.07522553757306,0.040887852923737,0.00476963151053242," 09100 Metabolism","  09111 Xenobiotics biodegradation and metabolism","   00627 Aminobenzoate degradation","    K21726  npcA; 4-nitrophenol 2-monooxygenase / 4-nitrocatechol 4-monooxygenase, oxygenase component",1.07522553757306,"K21726"
"45","K23016",1.07434555181735,0.0318300192901842,0.0047657279501699," 09180 Brite Hierarchies","  09183 Protein families: signaling and cellular processes","   02000 Transporters","    K23016  lgoT; MFS transporter, ACS family, L-galactonate transporter",1.07434555181735,"K23016"
"46","K13774",1.07140207475221,0.0764190287183719,0.00475267087472866," 09100 Metabolism","  09109 Metabolism of terpenoids and polyketides","   00907 Pinene, camphor and geraniol degradation","    K13774  atuB; citronellol/citronellal dehydrogenase",1.07140207475221,"K13774"
"47","K22350",1.06991680953014,0.0950775847205143,0.00474608233348113," 09190 Not Included in Pathway or Brite","  09191 Unclassified: metabolism","   99980 Enzymes with EC numbers","    K22350  mcoA; manganese oxidase",1.06991680953014,"K22350"
"48","K16066",1.06762766747703,0.0772458190778651,0.00473592784617867," 09100 Metabolism","  09104 Nucleotide metabolism","   00240 Pyrimidine metabolism","    K16066  ydfG; 3-hydroxy acid dehydrogenase / malonic semialdehyde reductase",1.06762766747703,"K16066"
"49","K00801",1.05764424725044,0.0781239074754982,0.00469164203447527," 09100 Metabolism","  09103 Lipid metabolism","   00100 Steroid biosynthesis","    K00801  FDFT1; farnesyl-diphosphate farnesyltransferase",1.05764424725044,"K00801"
"50","K13778",1.05635431837376,0.0842327542507794,0.00468591999272537," 09100 Metabolism","  09109 Metabolism of terpenoids and polyketides","   00907 Pinene, camphor and geraniol degradation","    K13778  atuC; geranyl-CoA carboxylase beta subunit",1.05635431837376,"K13778"
"51","K15514",1.05299586296312,0.0641184879124509,0.00467102209996376," 09100 Metabolism","  09111 Xenobiotics biodegradation and metabolism","   00362 Benzoate degradation","    K15514  boxD; 3,4-dehydroadipyl-CoA semialdehyde dehydrogenase",1.05299586296312,"K15514"
"52","K08714",1.05185248282229,0.0242929194101493,0.00466595013900518," 09180 Brite Hierarchies","  09183 Protein families: signaling and cellular processes","   02000 Transporters","    K08714  VGSC; voltage-gated sodium channel",1.05185248282229,"K08714"
"53","K07814",1.04638115071152,0.0439826817640808,0.00464167966073976," 09190 Not Included in Pathway or Brite","  09191 Unclassified: metabolism","   99980 Enzymes with EC numbers","    K07814  K07814; cyclic di-GMP phosphodiesterase",1.04638115071152,"K07814"
"54","K11924",1.04503365966709,0.0503318096408049,0.00463570227690623," 09180 Brite Hierarchies","  09182 Protein families: genetic information processing","   03000 Transcription factors","    K11924  mntR; DtxR family transcriptional regulator, manganese transport regulator",1.04503365966709,"K11924"
"55","K03263",1.0435287219023,0.0700415306648606,0.00462902646952117," 09180 Brite Hierarchies","  09182 Protein families: genetic information processing","   03012 Translation factors","    K03263  EIF5A; translation initiation factor 5A",1.0435287219023,"K03263"
"56","K20762",1.04044659996634,0.0601181044772176,0.00461535437432686," 09190 Not Included in Pathway or Brite","  09191 Unclassified: metabolism","   99980 Enzymes with EC numbers","    K20762  scnC; thiocyanate hydrolase subunit gamma",1.04044659996634,"K20762"
"57","K19622",1.03986451730519,0.0435838243568523,0.00461277229298174," 09130 Environmental Information Processing","  09132 Signal transduction","   02020 Two-component system","    K19622  phcR; two-component system, response regulator PhcR",1.03986451730519,"K19622"
"58","K08097",1.03881765925418,0.0545056357318737,0.0046081284978219," 09100 Metabolism","  09102 Energy metabolism","   00680 Methane metabolism","    K08097  comA; phosphosulfolactate synthase",1.03881765925418,"K08097"
"59","K20528",1.03729967520964,0.0591394667072776,0.00460139481797675," 09140 Cellular Processes","  09145 Cellular community - prokaryotes","   02024 Quorum sensing","    K20528  trbC; type IV secretion system protein TrbC",1.03729967520964,"K20528"
"60","K10916",1.03435642489585,0.0932723153924402,0.00458833874838996," 09130 Environmental Information Processing","  09132 Signal transduction","   02020 Two-component system","    K10916  cqsS; two-component system, CAI-1 autoinducer sensor kinase/phosphatase CqsS",1.03435642489585,"K10916"
"61","K01497",1.03235475927516,0.0631406523108685,0.00457945948810049," 09100 Metabolism","  09108 Metabolism of cofactors and vitamins","   00740 Riboflavin metabolism","    K01497  ribA, RIB1; GTP cyclohydrolase II",1.03235475927516,"K01497"
"62","K13378",1.03014176180264,0.0716880458235379,0.00456964277327295," 09100 Metabolism","  09102 Energy metabolism","   00190 Oxidative phosphorylation","    K13378  nuoCD; NADH-quinone oxidoreductase subunit C/D",1.03014176180264,"K13378"
"63","K03124",1.02532900057597,0.0835217431160178,0.00454829367320302," 09120 Genetic Information Processing","  09121 Transcription","   03022 Basal transcription factors","    K03124  TFIIB, GTF2B, SUA7, tfb; transcription initiation factor TFIIB",1.02532900057597,"K03124"
"64","K09142",1.02183009805975,0.0880636424965473,0.00453277276609054," 09180 Brite Hierarchies","  09182 Protein families: genetic information processing","   03036 Chromosome and associated proteins","    K09142  SPOUT1; methyltransferase",1.02183009805975,"K09142"
"65","K00558",1.0208498878895,0.015057569913213,-0.00452842461665436," 09100 Metabolism","  09105 Amino acid metabolism","   00270 Cysteine and methionine metabolism","    K00558  DNMT1, dcm; DNA (cytosine-5)-methyltransferase 1",1.0208498878895,"K00558"
"66","K20530",1.01845658416729,0.0663330100217118,0.00451780807486953," 09140 Cellular Processes","  09145 Cellular community - prokaryotes","   02024 Quorum sensing","    K20530  trbE; type IV secretion system protein TrbE",1.01845658416729,"K20530"
"67","K06974",1.01407989287693,0.052665889085974,0.00449839335306385," 09180 Brite Hierarchies","  09181 Protein families: metabolism","   01002 Peptidases and inhibitors","    K06974  amzA, AMZ2, AMZ1; archaemetzincin",1.01407989287693,"K06974"
"68","K11890",1.01339017354422,0.0905108495606719,0.00449533380234842," 09140 Cellular Processes","  09145 Cellular community - prokaryotes","   02025 Biofilm formation - Pseudomonas aeruginosa","    K11890  impM; type VI secretion system protein ImpM",1.01339017354422,"K11890"
"69","K00196",1.01327380574338,0.101530637050955,0.00449481760224874," 09100 Metabolism","  09102 Energy metabolism","   00720 Carbon fixation pathways in prokaryotes","    K00196  cooF; anaerobic carbon-monoxide dehydrogenase iron sulfur subunit",1.01327380574338,"K00196"
"70","K18236",1.0126452031443,0.0543867323190107,0.00449202916144313," 09180 Brite Hierarchies","  09183 Protein families: signaling and cellular processes","   01504 Antimicrobial resistance genes","    K18236  lnuB_F, lin; lincosamide nucleotidyltransferase B/F",1.0126452031443,"K18236"
"71","K12508",1.01011086860407,0.0757684700240652,0.00448078701599653," 09190 Not Included in Pathway or Brite","  09191 Unclassified: metabolism","   99980 Enzymes with EC numbers","    K12508  fcs; feruloyl-CoA synthase",1.01011086860407,"K12508"
"72","K08226",1.00992202295303,0.0820520848326817,0.00447994930880268," 09180 Brite Hierarchies","  09183 Protein families: signaling and cellular processes","   02000 Transporters","    K08226  pucC; MFS transporter, BCD family, chlorophyll transporter",1.00992202295303,"K08226"
"73","K02203",1.00791278279494,0.0632880169568481,0.00447103644835122," 09100 Metabolism","  09102 Energy metabolism","   00680 Methane metabolism","    K02203  thrH; phosphoserine / homoserine phosphotransferase",1.00791278279494,"K02203"
"74","K07318",1.00226554653888,0.0735975512519554,0.00444598567058124," 09180 Brite Hierarchies","  09183 Protein families: signaling and cellular processes","   02048 Prokaryotic defense system","    K07318  K07318; adenine-specific DNA-methyltransferase",1.00226554653888,"K07318"
"75","K19340",0.995412397242393,0.0114813749079425,0.00441558553992151," 09130 Environmental Information Processing","  09131 Membrane transport","   02010 ABC transporters","    K19340  nosF; Cu-processing system ATP-binding protein",0.995412397242393,"K19340"
"76","K07397",0.994742076165348,0.0448429400854516,0.00441261203862385," 09190 Not Included in Pathway or Brite","  09192 Unclassified: genetic information processing","   99975 Protein processing","    K07397  yhfA; putative redox protein",0.994742076165348,"K07397"
"77","K11336",0.994711440847005,0.0863453138086401,0.00441247614231689," 09100 Metabolism","  09108 Metabolism of cofactors and vitamins","   00860 Porphyrin metabolism","    K11336  bchF; 3-vinyl bacteriochlorophyllide hydratase",0.994711440847005,"K11336"
"78","K03274",0.993943868853167,0.075161993109791,0.00440907124219084,NA,NA,NA,NA,0.993943868853167,"K03274"
"79","K13832",0.992334256005269,0.059317007676215,0.00440193110285188," 09100 Metabolism","  09105 Amino acid metabolism","   00400 Phenylalanine, tyrosine and tryptophan biosynthesis","    K13832  aroDE, DHQ-SDH; 3-dehydroquinate dehydratase / shikimate dehydrogenase",0.992334256005269,"K13832"
"80","K04798",0.989812682115305,0.0821928769783767,0.00439074556283126," 09180 Brite Hierarchies","  09182 Protein families: genetic information processing","   03110 Chaperones and folding catalysts","    K04798  pfdB, PFDN6; prefoldin beta subunit",0.989812682115305,"K04798"
"81","K13770",0.987933050919831,0.0728903466491361,0.00438240763942373," 09180 Brite Hierarchies","  09182 Protein families: genetic information processing","   03000 Transcription factors","    K13770  ysiA, fadR; TetR/AcrR family transcriptional regulator, fatty acid metabolism regulator protein",0.987933050919831,"K13770"
"82","K00833",0.986032788031548,0.0744604246324747,0.00437397819515038," 09100 Metabolism","  09108 Metabolism of cofactors and vitamins","   00780 Biotin metabolism","    K00833  bioA; adenosylmethionine---8-amino-7-oxononanoate aminotransferase",0.986032788031548,"K00833"
"83","K01156",0.982425767882953,0.0818968270145885,0.00435797768515627," 09180 Brite Hierarchies","  09183 Protein families: signaling and cellular processes","   02048 Prokaryotic defense system","    K01156  res; type III restriction enzyme",0.982425767882953,"K01156"
"84","K00958",0.978026876587279,0.0657172145728217,0.00433846448555108," 09100 Metabolism","  09102 Energy metabolism","   00920 Sulfur metabolism","    K00958  sat, met3; sulfate adenylyltransferase",0.978026876587279,"K00958"
"85","K02473",0.975806837650129,0.0950988854915166,0.00432861653523813," 09100 Metabolism","  09101 Carbohydrate metabolism","   00520 Amino sugar and nucleotide sugar metabolism","    K02473  wbpP; UDP-N-acetylglucosamine/UDP-N-acetylgalactosamine 4-epimerase",0.975806837650129,"K02473"
"86","K20459",0.975630427734692,0.0200035201560119,0.00432783399216969," 09130 Environmental Information Processing","  09131 Membrane transport","   02010 ABC transporters","    K20459  nukF, mcdF, sboF; lantibiotic transport system ATP-binding protein",0.975630427734692,"K20459"
"87","K25097",0.973715762659955,0.0217184770275755,0.00431934066072111," 09180 Brite Hierarchies","  09183 Protein families: signaling and cellular processes","   02000 Transporters","    K25097  agpB; alpha-galactoside transport system permease protein",0.973715762659955,"K25097"
"88","K02724",0.973532129343153,0.0415391566561629,0.00431852607510759," 09100 Metabolism","  09102 Energy metabolism","   00195 Photosynthesis","    K02724  psbZ; photosystem II PsbZ protein",0.973532129343153,"K02724"
"89","K07216",0.971579365249411,0.0461142543148848,0.0043098637388547," 09190 Not Included in Pathway or Brite","  09193 Unclassified: signaling and cellular processes","   99994 Others","    K07216  hr; hemerythrin",0.971579365249411,"K07216"
"90","K01826",0.971499946461928,0.0755381300155764,0.00430951144220802," 09100 Metabolism","  09105 Amino acid metabolism","   00350 Tyrosine metabolism","    K01826  hpaF, hpcD; 5-carboxymethyl-2-hydroxymuconate isomerase",0.971499946461928,"K01826"
"91","K17828",0.970922628489966,0.0225339065114901,0.0043069504967185," 09100 Metabolism","  09104 Nucleotide metabolism","   00240 Pyrimidine metabolism","    K17828  pyrDI; dihydroorotate dehydrogenase (NAD+) catalytic subunit",0.970922628489966,"K17828"
"92","K00556",0.970044513086787,0.0398179579636426,0.00430305523311982," 09180 Brite Hierarchies","  09182 Protein families: genetic information processing","   03016 Transfer RNA biogenesis","    K00556  trmH; tRNA (guanosine-2'-O-)-methyltransferase",0.970044513086787,"K00556"
"93","K03928",0.968820048027213,0.0499234587999022,0.00429762358466318," 09190 Not Included in Pathway or Brite","  09191 Unclassified: metabolism","   99980 Enzymes with EC numbers","    K03928  yvaK; carboxylesterase",0.968820048027213,"K03928"
"94","K07226",0.962905675418618,0.0341234993393666,0.00427138780716979," 09100 Metabolism","  09108 Metabolism of cofactors and vitamins","   00860 Porphyrin metabolism","    K07226  hutZ, hugZ; heme oxygenase (biliverdin-IX-beta and delta-forming)",0.962905675418618,"K07226"
"95","K07711",0.958160303933224,0.0739517258127515,0.0042503376436692," 09130 Environmental Information Processing","  09132 Signal transduction","   02020 Two-component system","    K07711  glrK, qseE; two-component system, NtrC family, sensor histidine kinase GlrK",0.958160303933224,"K07711"
"96","K18981",0.95650282244831,0.0565525057925122,0.00424298516212713," 09100 Metabolism","  09101 Carbohydrate metabolism","   00053 Ascorbate and aldarate metabolism","    K18981  udh; uronate dehydrogenase",0.95650282244831,"K18981"
"97","K11333",0.95145115191168,0.0680294951076957,0.00422057627568389," 09100 Metabolism","  09108 Metabolism of cofactors and vitamins","   00860 Porphyrin metabolism","    K11333  bchX; 3,8-divinyl chlorophyllide a/chlorophyllide a reductase subunit X",0.95145115191168,"K11333"
"98","K04068",0.947454516058576,0.0468782161474383,0.00420284745541786," 09190 Not Included in Pathway or Brite","  09191 Unclassified: metabolism","   99980 Enzymes with EC numbers","    K04068  nrdG; anaerobic ribonucleoside-triphosphate reductase activating protein",0.947454516058576,"K04068"
"99","K17208",0.944169779924179,0.00343519077842836,0.00418827657663668," 09130 Environmental Information Processing","  09131 Membrane transport","   02010 ABC transporters","    K17208  ibpA; inositol transport system substrate-binding protein",0.944169779924179,"K17208"
"100","K13670",0.942795182073638,0.064624645984686,0.00418217894875012," 09190 Not Included in Pathway or Brite","  09191 Unclassified: metabolism","   99980 Enzymes with EC numbers","    K13670  pimF; putative glycosyltransferase",0.942795182073638,"K13670"
"101","K16216",0.939669168440876,0.0620449088626561,0.00416831215280437," 09190 Not Included in Pathway or Brite","  09191 Unclassified: metabolism","   99980 Enzymes with EC numbers","    K16216  yueD; benzil reductase ((S)-benzoin forming)",0.939669168440876,"K16216"
"102","K07060",0.939089953913988,0.0663846429041976,0.00416574279431886," 09180 Brite Hierarchies","  09183 Protein families: signaling and cellular processes","   02048 Prokaryotic defense system","    K07060  nob1; endoribonuclease Nob1",0.939089953913988,"K07060"
"103","K07023",0.935371052047096,0.0568672360275212,0.00414924598419943," 09100 Metabolism","  09104 Nucleotide metabolism","   00230 Purine metabolism","    K07023  YGK1, HDDC2; 5'-deoxynucleotidase",0.935371052047096,"K07023"
"104","K15898",0.934696049910143,0.0527691636256746,0.0041462517180203," 09100 Metabolism","  09101 Carbohydrate metabolism","   00520 Amino sugar and nucleotide sugar metabolism","    K15898  pseI, neuB3; pseudaminic acid synthase",0.934696049910143,"K15898"
"105","K09966",0.934691403551975,0.0556945314617815,0.00414623110707353," 09190 Not Included in Pathway or Brite","  09194 Poorly characterized","   99997 Function unknown","    K09966  K09966; uncharacterized protein",0.934691403551975,"K09966"
"106","K09975",0.932898948347536,0.0251123526113268,0.00413827989077001," 09190 Not Included in Pathway or Brite","  09194 Poorly characterized","   99997 Function unknown","    K09975  K09975; uncharacterized protein",0.932898948347536,"K09975"
"107","K13497",0.932655115789492,0.0730650146648242,0.00413719826518403," 09100 Metabolism","  09105 Amino acid metabolism","   00400 Phenylalanine, tyrosine and tryptophan biosynthesis","    K13497  trpGD; anthranilate synthase/phosphoribosyltransferase",0.932655115789492,"K13497"
"108","K03113",0.93177676887719,0.0908875382548894,0.00413330197462572," 09180 Brite Hierarchies","  09182 Protein families: genetic information processing","   03012 Translation factors","    K03113  EIF1, SUI1; translation initiation factor 1",0.93177676887719,"K03113"
"109","K12527",0.930714586370225,0.0270803468873281,0.00412859020116227," 09100 Metabolism","  09106 Metabolism of other amino acids","   00450 Selenocompound metabolism","    K12527  ygfK; putative selenate reductase",0.930714586370225,"K12527"
"110","K01021",0.928587570559765,0.0770227617091322,0.00411915489547202," 09190 Not Included in Pathway or Brite","  09191 Unclassified: metabolism","   99980 Enzymes with EC numbers","    K01021  TPST; protein-tyrosine sulfotransferase",0.928587570559765,"K01021"
"111","K00127",0.928287459034096,0.0850564019835282,0.00411782361999587," 09100 Metabolism","  09101 Carbohydrate metabolism","   00630 Glyoxylate and dicarboxylate metabolism","    K00127  fdoI, fdsG; formate dehydrogenase subunit gamma",0.928287459034096,"K00127"
"112","K18118",0.924383827507743,0.0327260072164446,0.0041005073609572," 09100 Metabolism","  09101 Carbohydrate metabolism","   00020 Citrate cycle (TCA cycle)","    K18118  aarC, cat1; succinyl-CoA:acetate CoA-transferase",0.924383827507743,"K18118"
"113","K06167",0.92327062479574,0.0703601929908394,0.00409556926513708," 09100 Metabolism","  09106 Metabolism of other amino acids","   00440 Phosphonate and phosphinate metabolism","    K06167  phnP; phosphoribosyl 1,2-cyclic phosphate phosphodiesterase",0.92327062479574,"K06167"
"114","K02241",0.922129957475117,0.0435953205755584,0.00409050933807493," 09180 Brite Hierarchies","  09183 Protein families: signaling and cellular processes","   02044 Secretion system","    K02241  comFB; competence protein ComFB",0.922129957475117,"K02241"
"115","K06201",0.916088786771085,0.066795309148567,0.00406371109236409," 09190 Not Included in Pathway or Brite","  09193 Unclassified: signaling and cellular processes","   99994 Others","    K06201  cutC; copper homeostasis protein",0.916088786771085,"K06201"
"116","K10202",0.915429802834051,0.0904149934585087,0.00406078788189226," 09130 Environmental Information Processing","  09131 Membrane transport","   02010 ABC transporters","    K10202  ngcG; N-acetylglucosamine transport system permease protein",0.915429802834051,"K10202"
"117","K00906",0.914879362511926,0.0911308062104687,0.00405834616393325," 09190 Not Included in Pathway or Brite","  09191 Unclassified: metabolism","   99980 Enzymes with EC numbers","    K00906  aceK; isocitrate dehydrogenase kinase/phosphatase",0.914879362511926,"K00906"
"118","K02352",0.91455414744146,0.0439731349348286,0.00405690353074274,NA,NA,NA,NA,0.91455414744146,"K02352"
"119","K18914",0.91420324447459,0.0408553165475075,0.00405534694769161," 09180 Brite Hierarchies","  09182 Protein families: genetic information processing","   03029 Mitochondrial biogenesis","    K18914  FDXR; adrenodoxin-NADP+ reductase",0.91420324447459,"K18914"
"120","K07480",0.91339343759164,0.0892994190136217,0.00405175469630677," 09190 Not Included in Pathway or Brite","  09192 Unclassified: genetic information processing","   99976 Replication and repair","    K07480  insB; insertion element IS1 protein InsB",0.91339343759164,"K07480"
"121","K21802",0.911739353147679,0.034513666586153,0.00404441728382045," 09100 Metabolism","  09111 Xenobiotics biodegradation and metabolism","   00627 Aminobenzoate degradation","    K21802  vdh; vanillin dehydrogenase",0.911739353147679,"K21802"
"122","K07321",0.91019345872058,0.0558504554510577,0.0040375597953087," 09190 Not Included in Pathway or Brite","  09193 Unclassified: signaling and cellular processes","   99978 Cell growth","    K07321  cooC; CO dehydrogenase maturation factor",0.91019345872058,"K07321"
"123","K14475",0.910096757108524,0.0644065851132949,0.00403713083316089," 09160 Human Diseases","  09174 Infectious disease: parasitic","   05143 African trypanosomiasis","    K14475  ICP; inhibitor of cysteine peptidase",0.910096757108524,"K14475"
"124","K05837",0.904000244893926,0.0522124987807781,0.00401008709605925," 09180 Brite Hierarchies","  09182 Protein families: genetic information processing","   03036 Chromosome and associated proteins","    K05837  rodA, mrdB; rod shape determining protein RodA",0.904000244893926,"K05837"
"125","K19962",0.902629056875925,0.0607698655228506,0.0040040045939711," 09100 Metabolism","  09111 Xenobiotics biodegradation and metabolism","   00930 Caprolactam degradation","    K19962  chnE; 6-oxohexanoate dehydrogenase",0.902629056875925,"K19962"
"126","K10004",0.901905919148004,0.0884262703810468,0.00400079680139826," 09130 Environmental Information Processing","  09131 Membrane transport","   02010 ABC transporters","    K10004  gltL, aatP; glutamate/aspartate transport system ATP-binding protein",0.901905919148004,"K10004"
"127","K02691",0.901156698933036,0.0310519587461891,0.00399747330858604," 09100 Metabolism","  09102 Energy metabolism","   00195 Photosynthesis","    K02691  psaC; photosystem I iron-sulfur center",0.901156698933036,"K02691"
"128","K00179",0.899683068564918,0.0595701070045142,0.0039909363788043," 09190 Not Included in Pathway or Brite","  09191 Unclassified: metabolism","   99980 Enzymes with EC numbers","    K00179  iorA; indolepyruvate ferredoxin oxidoreductase, alpha subunit",0.899683068564918,"K00179"
"129","K12206",0.898555495558767,0.0398410503552221,0.00398593453728117," 09180 Brite Hierarchies","  09183 Protein families: signaling and cellular processes","   02044 Secretion system","    K12206  icmB, dotO; intracellular multiplication protein IcmB",0.898555495558767,"K12206"
"130","K25144",0.896930108620944,0.0506387187935131,0.00397872442509117," 09180 Brite Hierarchies","  09183 Protein families: signaling and cellular processes","   02000 Transporters","    K25144  lnrL, sagG; linearmycin/streptolysin S transport system ATP-binding protein",0.896930108620944,"K25144"
"131","K02638",0.895900551807791,0.0569402154738586,0.00397415737711259," 09100 Metabolism","  09102 Energy metabolism","   00195 Photosynthesis","    K02638  petE; plastocyanin",0.895900551807791,"K02638"
"132","K06174",0.895409854202054,0.0923851293241554,0.00397198067401107," 09180 Brite Hierarchies","  09182 Protein families: genetic information processing","   03009 Ribosome biogenesis","    K06174  ABCE1, Rli1; ATP-binding cassette, sub-family E, member 1",0.895409854202054,"K06174"
"133","K13291",0.894969531098023,0.0253986639419894,0.00397002742896767," 09190 Not Included in Pathway or Brite","  09191 Unclassified: metabolism","   99980 Enzymes with EC numbers","    K13291  TUT; terminal uridylyltransferase",0.894969531098023,"K13291"
"134","K14446",0.894143417557385,0.0995061551581584,0.00396636284229538," 09100 Metabolism","  09101 Carbohydrate metabolism","   00630 Glyoxylate and dicarboxylate metabolism","    K14446  ccr; crotonyl-CoA carboxylase/reductase",0.894143417557385,"K14446"
"135","K05594",0.894014284305085,0.0779769087219547,0.00396579001547188," 09190 Not Included in Pathway or Brite","  09194 Poorly characterized","   99996 General function prediction only","    K05594  elaB; ElaB protein",0.894014284305085,"K05594"
"136","K19339",0.893903422720866,0.0351322108773783,0.00396529824059589," 09180 Brite Hierarchies","  09182 Protein families: genetic information processing","   03000 Transcription factors","    K19339  nosR; NosR/NirI family transcriptional regulator, nitrous oxide reductase regulator",0.893903422720866,"K19339"
"137","K02240",0.893545202820603,0.0550639787259393,0.00396370920009761," 09180 Brite Hierarchies","  09183 Protein families: signaling and cellular processes","   02044 Secretion system","    K02240  comFA; competence protein ComFA",0.893545202820603,"K02240"
"138","K23271",0.892429491715272,0.0331887912092034,0.00395875997720559," 09190 Not Included in Pathway or Brite","  09191 Unclassified: metabolism","   99980 Enzymes with EC numbers","    K23271  eltD; erythritol/L-threitol dehydrogenase",0.892429491715272,"K23271"
"139","K02050",0.889428174872049,0.074453449088448,0.00394544632821913," 09180 Brite Hierarchies","  09183 Protein families: signaling and cellular processes","   02000 Transporters","    K02050  ABC.SN.P; NitT/TauT family transport system permease protein",0.889428174872049,"K02050"
"140","K02049",0.886803370806691,0.0563707222358142,0.00393380286576253," 09180 Brite Hierarchies","  09183 Protein families: signaling and cellular processes","   02000 Transporters","    K02049  ABC.SN.A; NitT/TauT family transport system ATP-binding protein",0.886803370806691,"K02049"
"141","K19804",0.88462159974441,0.0130373754420422,-0.00392412466928767," 09190 Not Included in Pathway or Brite","  09191 Unclassified: metabolism","   99986 Glycan metabolism","    K19804  lapB; lipopolysaccharide assembly protein B",0.88462159974441,"K19804"
"142","K00009",0.881865754281461,0.0737483590236254,0.00391189991559747," 09100 Metabolism","  09101 Carbohydrate metabolism","   00051 Fructose and mannose metabolism","    K00009  mtlD; mannitol-1-phosphate 5-dehydrogenase",0.881865754281461,"K00009"
"143","K15856",0.879527259376865,0.071426162726078,0.0039015265022117," 09100 Metabolism","  09101 Carbohydrate metabolism","   00051 Fructose and mannose metabolism","    K15856  rmd; GDP-4-dehydro-6-deoxy-D-mannose reductase",0.879527259376865,"K15856"
"144","K15429",0.878812958679304,0.0637421186898836,0.00389835791013866," 09180 Brite Hierarchies","  09182 Protein families: genetic information processing","   03016 Transfer RNA biogenesis","    K15429  TRM5, TRMT5; tRNA (guanine37-N1)-methyltransferase",0.878812958679304,"K15429"
"145","K04110",0.878736924036354,0.0651951235680683,0.00389802062534005,NA,NA,NA,NA,0.878736924036354,"K04110"
"146","K09810",0.878562550134114,0.0971454701418236,0.00389724711389554," 09130 Environmental Information Processing","  09131 Membrane transport","   02010 ABC transporters","    K09810  lolD; lipoprotein-releasing system ATP-binding protein",0.878562550134114,"K09810"
"147","K21303",0.87829562207238,0.0461543878977887,0.00389606303813674," 09180 Brite Hierarchies","  09181 Protein families: metabolism","   01005 Lipopolysaccharide biosynthesis proteins","    K21303  wecP; UDP-GalNAc:undecaprenyl-phosphate GalNAc-1-phosphate transferase",0.87829562207238,"K21303"
"148","K25510",0.877218122079912,0.0423112223074397,0.00389128331729019," 09180 Brite Hierarchies","  09182 Protein families: genetic information processing","   03400 DNA repair and recombination proteins","    K25510  nurA; DNA double-strand break repair nuclease NurA",0.877218122079912,"K25510"
"149","K02012",0.876733426903239,0.0811452522802501,0.00388913324057896," 09130 Environmental Information Processing","  09131 Membrane transport","   02010 ABC transporters","    K02012  afuA, fbpA; iron(III) transport system substrate-binding protein",0.876733426903239,"K02012"
"150","K16171",0.876571998952459,0.0585181709118297,0.00388841715654466," 09100 Metabolism","  09105 Amino acid metabolism","   00350 Tyrosine metabolism","    K16171  faaH; fumarylacetoacetate (FAA) hydrolase",0.876571998952459,"K16171"
"151","K09140",0.876146000444841,0.0620277059856972,0.00388652745449205," 09180 Brite Hierarchies","  09182 Protein families: genetic information processing","   03009 Ribosome biogenesis","    K09140  TSR3; rRNA small subunit aminocarboxypropyltransferase",0.876146000444841,"K09140"
"152","K09804",0.875748354937978,0.0801399125208056,0.00388476352453198," 09190 Not Included in Pathway or Brite","  09194 Poorly characterized","   99997 Function unknown","    K09804  K09804; uncharacterized protein",0.875748354937978,"K09804"
"153","K07066",0.875286058672891,0.0285129035210829,0.00388271280795568," 09190 Not Included in Pathway or Brite","  09194 Poorly characterized","   99997 Function unknown","    K07066  K07066; uncharacterized protein",0.875286058672891,"K07066"
"154","K07275",0.875261734577987,0.0920106296880763,0.00388260490783104," 09190 Not Included in Pathway or Brite","  09193 Unclassified: signaling and cellular processes","   99992 Structural proteins","    K07275  ompW; outer membrane protein",0.875261734577987,"K07275"
"155","K24843",0.873774538950886,0.0361388872249748,0.00387600780343064," 09190 Not Included in Pathway or Brite","  09191 Unclassified: metabolism","   99987 Cofactor metabolism","    K24843  ubiT; O2-independent ubiquinone biosynthesis accessory factor UbiT",0.873774538950886,"K24843"
"156","K01052",0.87261551598558,0.0345453772181235,0.00387086645190617," 09100 Metabolism","  09103 Lipid metabolism","   00100 Steroid biosynthesis","    K01052  LIPA; lysosomal acid lipase/cholesteryl ester hydrolase",0.87261551598558,"K01052"
"157","K18242",0.872410969722457,0.0580658645986243,0.0038699590978043," 09100 Metabolism","  09111 Xenobiotics biodegradation and metabolism","   00626 Naphthalene degradation","    K18242  nagG; salicylate 5-hydroxylase large subunit",0.872410969722457,"K18242"
"158","K18195",0.871342130167985,0.08106489292447,0.00386521779410515," 09190 Not Included in Pathway or Brite","  09191 Unclassified: metabolism","   99980 Enzymes with EC numbers","    K18195  RGL4, rhiE; rhamnogalacturonan endolyase",0.871342130167985,"K18195"
"159","K06983",0.870779556632941,0.0345305891271108,0.00386272225399196,NA,NA,NA,NA,0.870779556632941,"K06983"
"160","K04115",0.870777576664874,0.0626403851373302,0.00386271347098063," 09100 Metabolism","  09111 Xenobiotics biodegradation and metabolism","   00362 Benzoate degradation","    K04115  bcrD, badG; benzoyl-CoA reductase subunit D",0.870777576664874,"K04115"
"161","K24104",0.868194216918988,0.0511701509523643,0.00385125385286662," 09180 Brite Hierarchies","  09182 Protein families: genetic information processing","   03021 Transcription machinery","    K24104  GPN; GPN-loop GTPase",0.868194216918988,"K24104"
"162","K06433",0.86712300107213,0.0818378822638133,0.00384650200808688," 09190 Not Included in Pathway or Brite","  09193 Unclassified: signaling and cellular processes","   99978 Cell growth","    K06433  sspP, cotL; small acid-soluble spore protein P (minor)",0.86712300107213,"K06433"
"163","K09824",0.865470969667512,0.0862351287897475,0.00383917370275139," 09190 Not Included in Pathway or Brite","  09194 Poorly characterized","   99997 Function unknown","    K09824  virK; uncharacterized protein",0.865470969667512,"K09824"
"164","K03602",0.864572314066263,0.0445924384249335,0.00383518732415169," 09120 Genetic Information Processing","  09124 Replication and repair","   03430 Mismatch repair","    K03602  xseB; exodeoxyribonuclease VII small subunit",0.864572314066263,"K03602"
"165","K16257",0.864358375375112,0.0626454792607494,0.00383423830584159," 09100 Metabolism","  09102 Energy metabolism","   00680 Methane metabolism","    K16257  mxaC; mxaC protein",0.864358375375112,"K16257"
"166","K11334",0.863017565982235,0.0761814182689764,0.00382829056138575," 09100 Metabolism","  09108 Metabolism of cofactors and vitamins","   00860 Porphyrin metabolism","    K11334  bchY; 3,8-divinyl chlorophyllide a/chlorophyllide a reductase subunit Y",0.863017565982235,"K11334"
"167","K09161",0.862846186618519,0.0274723669279747,0.00382753033352204," 09190 Not Included in Pathway or Brite","  09194 Poorly characterized","   99997 Function unknown","    K09161  K09161; uncharacterized protein",0.862846186618519,"K09161"
"168","K13531",0.86229279305228,0.0288833555335576,0.00382507551516159," 09180 Brite Hierarchies","  09182 Protein families: genetic information processing","   03400 DNA repair and recombination proteins","    K13531  adaB; methylated-DNA-[protein]-cysteine S-methyltransferase",0.86229279305228,"K13531"
"169","K25518",0.861834677357095,0.0919869902033353,0.0038230433433252," 09100 Metabolism","  09109 Metabolism of terpenoids and polyketides","   00900 Terpenoid backbone biosynthesis","    K25518  E4.1.1.126; anhydromevalonate phosphate decarboxylase",0.861834677357095,"K25518"
"170","K00441",0.860553072098707,0.0709694551724639,0.00381735822461209," 09100 Metabolism","  09102 Energy metabolism","   00680 Methane metabolism","    K00441  frhB; coenzyme F420 hydrogenase subunit beta",0.860553072098707,"K00441"
"171","K13798",0.859698098013605,0.0870097054158059,0.00381356561441591," 09120 Genetic Information Processing","  09121 Transcription","   03020 RNA polymerase","    K13798  rpoB; DNA-directed RNA polymerase subunit B",0.859698098013605,"K13798"
"172","K08988",0.858828272027707,0.0394906694546252,0.00380970712214052,NA,NA,NA,NA,0.858828272027707,"K08988"
"173","K03571",0.858213168154189,0.0298378276106842,0.00380697856081561," 09180 Brite Hierarchies","  09182 Protein families: genetic information processing","   03036 Chromosome and associated proteins","    K03571  mreD; rod shape-determining protein MreD",0.858213168154189,"K03571"
"174","K18900",0.857614227567619,0.0513739281507609,0.00380432169879475," 09180 Brite Hierarchies","  09182 Protein families: genetic information processing","   03000 Transcription factors","    K18900  bpeT; LysR family transcriptional regulator, regulator for bpeEF and oprC",0.857614227567619,"K18900"
"175","K08301",0.856874754973252,0.0688826322520948,0.00380104144580222," 09180 Brite Hierarchies","  09182 Protein families: genetic information processing","   03019 Messenger RNA biogenesis","    K08301  rng, cafA; ribonuclease G",0.856874754973252,"K08301"
"176","K10003",0.855537804473355,0.0953251907707067,0.00379511081914809," 09130 Environmental Information Processing","  09131 Membrane transport","   02010 ABC transporters","    K10003  gltJ, aatQ; glutamate/aspartate transport system permease protein",0.855537804473355,"K10003"
"177","K07394",0.85521189354165,0.0335657585565745,0.00379366509916175," 09190 Not Included in Pathway or Brite","  09192 Unclassified: genetic information processing","   99975 Protein processing","    K07394  K07394; SM-20-related protein",0.85521189354165,"K07394"
"178","K10848",0.854993554413581,0.0673316534018717,0.00379269656079578," 09120 Genetic Information Processing","  09124 Replication and repair","   03420 Nucleotide excision repair","    K10848  ERCC4, XPF; DNA excision repair protein ERCC-4",0.854993554413581,"K10848"
"179","K04062",0.851941213342875,0.0637201009361739,0.00377915657160933," 09190 Not Included in Pathway or Brite","  09193 Unclassified: signaling and cellular processes","   99992 Structural proteins","    K04062  osmB; osmotically inducible lipoprotein OsmB",0.851941213342875,"K04062"
"180","K16844",0.851844763334475,0.0561012556805712,0.00377872872555919," 09100 Metabolism","  09105 Amino acid metabolism","   00270 Cysteine and methionine metabolism","    K16844  comC; (2R)-3-sulfolactate dehydrogenase (NADP+)",0.851844763334475,"K16844"
"181","K04070",0.850188694140809,0.0899641874194665,0.0037713825088505," 09190 Not Included in Pathway or Brite","  09191 Unclassified: metabolism","   99980 Enzymes with EC numbers","    K04070  pflX; putative pyruvate formate lyase activating enzyme",0.850188694140809,"K04070"
"182","K13622",0.848643428223999,0.0707556285300524,0.00376452780837007," 09100 Metabolism","  09103 Lipid metabolism","   00564 Glycerophospholipid metabolism","    K13622  btaA; S-adenosylmethionine-diacylglycerol 3-amino-3-carboxypropyl transferase",0.848643428223999,"K13622"
"183","K19290",0.848287203388419,0.0788911249334919,0.00376294761785074," 09100 Metabolism","  09101 Carbohydrate metabolism","   00051 Fructose and mannose metabolism","    K19290  alg8; mannuronan synthase",0.848287203388419,"K19290"
"184","K02781",0.848155730393179,0.0413598496304549,0.00376236441207766," 09100 Metabolism","  09101 Carbohydrate metabolism","   00051 Fructose and mannose metabolism","    K02781  srlB; glucitol/sorbitol PTS system EIIA component",0.848155730393179,"K02781"
"185","K07068",0.847553467347281,0.0916172336073578,0.00375969281184034," 09190 Not Included in Pathway or Brite","  09194 Poorly characterized","   99997 Function unknown","    K07068  K07068; uncharacterized protein",0.847553467347281,"K07068"
"186","K10915",0.846245789817959,0.079652728632264,0.00375389203820587," 09140 Cellular Processes","  09145 Cellular community - prokaryotes","   02024 Quorum sensing","    K10915  cqsA; CAI-1 autoinducer synthase",0.846245789817959,"K10915"
"187","K21472",0.844916651356113,0.0573415381311782,0.0037479960652514," 09180 Brite Hierarchies","  09181 Protein families: metabolism","   01002 Peptidases and inhibitors","    K21472  lytH; peptidoglycan LD-endopeptidase LytH",0.844916651356113,"K21472"
"188","K20920",0.844784810647764,0.0751647809657052,0.00374741122832656," 09140 Cellular Processes","  09145 Cellular community - prokaryotes","   05111 Biofilm formation - Vibrio cholerae","    K20920  vpsM; polysaccharide biosynthesis protein VpsM",0.844784810647764,"K20920"
"189","K11915",0.843898833471894,0.0677541550767073,0.00374348109040853," 09130 Environmental Information Processing","  09131 Membrane transport","   03070 Bacterial secretion system","    K11915  stp1, pppA; serine/threonine protein phosphatase Stp1",0.843898833471894,"K11915"
"190","K12663",0.843523901174736,0.0388977474648795,0.0037418179147897," 09140 Cellular Processes","  09141 Transport and catabolism","   04146 Peroxisome","    K12663  ECH1; Delta3,5-Delta2,4-dienoyl-CoA isomerase",0.843523901174736,"K12663"
"191","K08978",0.841563111846951,0.0332272672202674,0.0037331199791134," 09180 Brite Hierarchies","  09183 Protein families: signaling and cellular processes","   02000 Transporters","    K08978  TC.BAT1; bacterial/archaeal transporter family protein",0.841563111846951,"K08978"
"192","K01480",0.840608192911187,0.071007952258972,0.003728884019971," 09100 Metabolism","  09105 Amino acid metabolism","   00330 Arginine and proline metabolism","    K01480  speB; agmatinase",0.840608192911187,"K01480"
"193","K24913",0.840157481295793,-0.0282716224006945,-0.00372688469215761," 09190 Not Included in Pathway or Brite","  09191 Unclassified: metabolism","   99988 Secondary metabolism","    K24913  ramS, amfS; lanthionine-containing peptide SapB",-0.840157481295793,"K24913"
"194","K01591",0.844068466661531,-0.0629176741809427,-0.00374423357235604," 09100 Metabolism","  09104 Nucleotide metabolism","   00240 Pyrimidine metabolism","    K01591  pyrF; orotidine-5'-phosphate decarboxylase",-0.844068466661531,"K01591"
"195","K21062",0.844389450438979,-0.0587757495152059,-0.00374565743580216," 09100 Metabolism","  09106 Metabolism of other amino acids","   00470 D-Amino acid metabolism","    K21062  lhpC; 1-pyrroline-4-hydroxy-2-carboxylate deaminase",-0.844389450438979,"K21062"
"196","K01805",0.845555744835743,-0.095463897928984,-0.00375083104293013," 09100 Metabolism","  09101 Carbohydrate metabolism","   00040 Pentose and glucuronate interconversions","    K01805  xylA; xylose isomerase",-0.845555744835743,"K01805"
"197","K01507",0.848904233105884,-0.0678693104277165,-0.00376568472209587," 09100 Metabolism","  09102 Energy metabolism","   00190 Oxidative phosphorylation","    K01507  ppa; inorganic pyrophosphatase",-0.848904233105884,"K01507"
"198","K11105",0.849292699185898,-0.0393415311892456,-0.00376740793270728," 09180 Brite Hierarchies","  09183 Protein families: signaling and cellular processes","   02000 Transporters","    K11105  cvrA, nhaP2; potassium/hydrogen antiporter",-0.849292699185898,"K11105"
"199","K02335",0.850750473200977,-0.00716164121333443,-0.0037738745247241," 09120 Genetic Information Processing","  09124 Replication and repair","   03030 DNA replication","    K02335  polA; DNA polymerase I",-0.850750473200977,"K02335"
"200","K03380",0.85379328058669,-0.0520788760323059,-0.00378737222309549," 09100 Metabolism","  09111 Xenobiotics biodegradation and metabolism","   00627 Aminobenzoate degradation","    K03380  E1.14.13.7; phenol 2-monooxygenase (NADPH)",-0.85379328058669,"K03380"
"201","K16840",0.853852672300896,-0.0676503273557995,-0.00378763568092982," 09100 Metabolism","  09104 Nucleotide metabolism","   00230 Purine metabolism","    K16840  hpxQ; 2-oxo-4-hydroxy-4-carboxy-5-ureidoimidazoline decarboxylase",-0.853852672300896,"K16840"
"202","K17328",0.854598684528378,-0.0529148593852799,-0.00379094494331534," 09130 Environmental Information Processing","  09131 Membrane transport","   02010 ABC transporters","    K17328  bxlG; xylobiose transport system permease protein",-0.854598684528378,"K17328"
"203","K01047",0.855126755970518,-0.0589492683670883,-0.00379328743435766," 09100 Metabolism","  09103 Lipid metabolism","   00564 Glycerophospholipid metabolism","    K01047  PLA2G, SPLA2; secretory phospholipase A2",-0.855126755970518,"K01047"
"204","K02243",0.85565476176702,-0.0151283909880745,-0.00379562963420015," 09180 Brite Hierarchies","  09183 Protein families: signaling and cellular processes","   02044 Secretion system","    K02243  comGA; competence protein ComGA",-0.85565476176702,"K02243"
"205","K12990",0.860116339254905,-0.0208822842230122,-0.00381542090573275," 09140 Cellular Processes","  09145 Cellular community - prokaryotes","   02024 Quorum sensing","    K12990  rfbF, rhlC; rhamnosyltransferase",-0.860116339254905,"K12990"
"206","K01255",0.860252873057992,-0.0222415659736285,-0.0038160265609248," 09100 Metabolism","  09106 Metabolism of other amino acids","   00480 Glutathione metabolism","    K01255  CARP, pepA; leucyl aminopeptidase",-0.860252873057992,"K01255"
"207","K24310",0.862330581124204,-0.0207750292578761,-0.00382524314062459," 09100 Metabolism","  09107 Glycan biosynthesis and metabolism","   00541 O-Antigen nucleotide sugar biosynthesis","    K24310  wbpV, wreQ; UDP-N-acetyl-alpha-D-quinovosamine dehydrogenase",-0.862330581124204,"K24310"
"208","K00156",0.862455552835622,-0.0786788769002316,-0.00382579750711969," 09100 Metabolism","  09101 Carbohydrate metabolism","   00620 Pyruvate metabolism","    K00156  poxB; pyruvate dehydrogenase (quinone)",-0.862455552835622,"K00156"
"209","K08156",0.863181322475028,-0.0249306126623302,-0.00382901697468304," 09180 Brite Hierarchies","  09183 Protein families: signaling and cellular processes","   02000 Transporters","    K08156  araJ; MFS transporter, DHA1 family, arabinose polymer utilization protein",-0.863181322475028,"K08156"
"210","K09166",0.863263581548247,-0.0692481814004535,-0.00382938187065504," 09190 Not Included in Pathway or Brite","  09194 Poorly characterized","   99997 Function unknown","    K09166  K09166; uncharacterized protein",-0.863263581548247,"K09166"
"211","K08167",0.863485085586636,-0.0978813431285546,-0.00383036444836017," 09180 Brite Hierarchies","  09183 Protein families: signaling and cellular processes","   02000 Transporters","    K08167  smvA, qacA, lfrA; MFS transporter, DHA2 family, multidrug resistance protein",-0.863485085586636,"K08167"
"212","K13236",0.866006293165445,-0.00637113264770482,0.003841548363448," 09190 Not Included in Pathway or Brite","  09191 Unclassified: metabolism","   99980 Enzymes with EC numbers","    K13236  DECR1; 2,4-dienoyl-CoA reductase [(3E)-enoyl-CoA-producing], mitochondrial",-0.866006293165445,"K13236"
"213","K00863",0.866822560925741,-0.0460543220879688,-0.00384516927487029," 09100 Metabolism","  09101 Carbohydrate metabolism","   00051 Fructose and mannose metabolism","    K00863  DAK, TKFC; triose/dihydroxyacetone kinase / FAD-AMP lyase (cyclizing)",-0.866822560925741,"K00863"
"214","K00946",0.867109303439773,-0.0949011449565876,-0.00384644124626843," 09100 Metabolism","  09108 Metabolism of cofactors and vitamins","   00730 Thiamine metabolism","    K00946  thiL; thiamine-monophosphate kinase",-0.867109303439773,"K00946"
"215","K00847",0.869876682645058,-0.0524011433233119,-0.00385871716289975," 09100 Metabolism","  09101 Carbohydrate metabolism","   00051 Fructose and mannose metabolism","    K00847  E2.7.1.4, scrK; fructokinase",-0.869876682645058,"K00847"
"216","K05972",0.870300421465459,-0.0277541395789706,-0.00386059684112483," 09190 Not Included in Pathway or Brite","  09191 Unclassified: metabolism","   99980 Enzymes with EC numbers","    K05972  AXE1; acetylxylan esterase",-0.870300421465459,"K05972"
"217","K15064",0.870538160099323,-0.0350727227513793,-0.00386165143445406," 09100 Metabolism","  09111 Xenobiotics biodegradation and metabolism","   00627 Aminobenzoate degradation","    K15064  desA; syringate O-demethylase",-0.870538160099323,"K15064"
"218","K00254",0.872322365834758,-0.076499278144171,-0.00386956605664227," 09100 Metabolism","  09104 Nucleotide metabolism","   00240 Pyrimidine metabolism","    K00254  DHODH, pyrD; dihydroorotate dehydrogenase",-0.872322365834758,"K00254"
"219","K01880",0.87239129456984,-0.0833213998683433,-0.00386987182008942," 09120 Genetic Information Processing","  09122 Translation","   00970 Aminoacyl-tRNA biosynthesis","    K01880  GARS, glyS1; glycyl-tRNA synthetase",-0.87239129456984,"K01880"
"220","K01079",0.880944587518994,-0.0781461928287623,-0.00390781367893067," 09100 Metabolism","  09102 Energy metabolism","   00680 Methane metabolism","    K01079  serB, PSPH; phosphoserine phosphatase",-0.880944587518994,"K01079"
"221","K06140",0.881493857437078,-0.0758768855867739,-0.00391025020505243," 09180 Brite Hierarchies","  09182 Protein families: genetic information processing","   03000 Transcription factors","    K06140  rnk; regulator of nucleoside diphosphate kinase",-0.881493857437078,"K06140"
"222","K08372",0.882031470666114,-0.0933573985254773,-0.00391263502284933," 09130 Environmental Information Processing","  09132 Signal transduction","   02020 Two-component system","    K08372  pepD; putative serine protease PepD",-0.882031470666114,"K08372"
"223","K03117",0.887821530405802,-0.089229638606882,-0.00393831935643074," 09120 Genetic Information Processing","  09123 Folding, sorting and degradation","   03060 Protein export","    K03117  tatB; sec-independent protein translocase protein TatB",-0.887821530405802,"K03117"
"224","K02133",0.89753637900437,-0.0802038031565099,-0.0039814138016207," 09100 Metabolism","  09102 Energy metabolism","   00190 Oxidative phosphorylation","    K02133  ATPeF1B, ATP5B, ATP2; F-type H+-transporting ATPase subunit beta",-0.89753637900437,"K02133"
"225","K02297",0.898060915253136,-0.0494454374509274,-0.00398374061077199," 09100 Metabolism","  09102 Energy metabolism","   00190 Oxidative phosphorylation","    K02297  cyoA; cytochrome o ubiquinol oxidase subunit II",-0.898060915253136,"K02297"
"226","K07768",0.901548719821484,-0.0962679401708487,-0.00399921228809964," 09130 Environmental Information Processing","  09132 Signal transduction","   02020 Two-component system","    K07768  senX3; two-component system, OmpR family, sensor histidine kinase SenX3",-0.901548719821484,"K07768"
"227","K03321",0.902290309505674,-0.0634740375801492,-0.00400250193236681," 09180 Brite Hierarchies","  09183 Protein families: signaling and cellular processes","   02000 Transporters","    K03321  TC.SULP; sulfate permease, SulP family",-0.902290309505674,"K03321"
"228","K14267",0.904399870303955,-0.0560910449071457,-0.00401185980874275," 09100 Metabolism","  09105 Amino acid metabolism","   00300 Lysine biosynthesis","    K14267  dapC; N-succinyldiaminopimelate aminotransferase",-0.904399870303955,"K14267"
"229","K01183",0.905372958212422,-0.0514967160220174,-0.00401617636428255," 09100 Metabolism","  09101 Carbohydrate metabolism","   00520 Amino sugar and nucleotide sugar metabolism","    K01183  E3.2.1.14; chitinase",-0.905372958212422,"K01183"
"230","K19055",0.906537211597915,-0.036253431896861,-0.00402134091761545," 09180 Brite Hierarchies","  09182 Protein families: genetic information processing","   03016 Transfer RNA biogenesis","    K19055  prdX, proX; Ala-tRNA(Pro) deacylase",-0.906537211597915,"K19055"
"231","K16868",0.907999393755299,-0.0342597175190924,-0.00402782706386876," 09190 Not Included in Pathway or Brite","  09191 Unclassified: metabolism","   99980 Enzymes with EC numbers","    K16868  tehB; tellurite methyltransferase",-0.907999393755299,"K16868"
"232","K16044",0.908008873735513,-0.0974073502854108,-0.00402786911645287," 09100 Metabolism","  09101 Carbohydrate metabolism","   00562 Inositol phosphate metabolism","    K16044  iolW; scyllo-inositol 2-dehydrogenase (NADP+)",-0.908008873735513,"K16044"
"233","K03684",0.908661280603344,-0.0636783040146614,-0.00403076315146762," 09180 Brite Hierarchies","  09182 Protein families: genetic information processing","   03016 Transfer RNA biogenesis","    K03684  rnd; ribonuclease D",-0.908661280603344,"K03684"
"234","K10773",0.909002993460963,-0.058625931066569,-0.00403227896778364," 09120 Genetic Information Processing","  09124 Replication and repair","   03410 Base excision repair","    K10773  NTHL1, nth; endonuclease III",-0.909002993460963,"K10773"
"235","K09988",0.913522706393273,-0.0186996194201899,-0.00405232812441841," 09100 Metabolism","  09101 Carbohydrate metabolism","   00040 Pentose and glucuronate interconversions","    K09988  lyxA; D-lyxose ketol-isomerase",-0.913522706393273,"K09988"
"236","K25180",0.919123669833387,-0.0235805021630696,-0.00407717363894516," 09180 Brite Hierarchies","  09183 Protein families: signaling and cellular processes","   02000 Transporters","    K25180  ybhR; drug efflux transport system permease protein",-0.919123669833387,"K25180"
"237","K00525",0.919499641607225,-0.0495418973340942,-0.00407884142561587," 09100 Metabolism","  09104 Nucleotide metabolism","   00230 Purine metabolism","    K00525  E1.17.4.1A, nrdA, nrdE; ribonucleoside-diphosphate reductase alpha chain",-0.919499641607225,"K00525"
"238","K07056",0.919924489408579,-0.0158082478828827,-0.00408072602320931," 09180 Brite Hierarchies","  09182 Protein families: genetic information processing","   03009 Ribosome biogenesis","    K07056  rsmI; 16S rRNA (cytidine1402-2'-O)-methyltransferase",-0.919924489408579,"K07056"
"239","K01256",0.926305824691045,-0.0514924778874995,-0.00410903321716903," 09100 Metabolism","  09106 Metabolism of other amino acids","   00480 Glutathione metabolism","    K01256  pepN; aminopeptidase N",-0.926305824691045,"K01256"
"240","K13043",0.926870506615214,-0.0507747352459093,-0.00411153810996113," 09190 Not Included in Pathway or Brite","  09191 Unclassified: metabolism","   99980 Enzymes with EC numbers","    K13043  argF; N-succinyl-L-ornithine transcarbamylase",-0.926870506615214,"K13043"
"241","K03734",0.927440328587943,-0.0223244979350439,-0.00411406580367891," 09190 Not Included in Pathway or Brite","  09191 Unclassified: metabolism","   99980 Enzymes with EC numbers","    K03734  apbE; FAD:protein FMN transferase",-0.927440328587943,"K03734"
"242","K01552",0.928583642346162,-0.0895549939216806,-0.00411913747016847," 09180 Brite Hierarchies","  09183 Protein families: signaling and cellular processes","   02000 Transporters","    K01552  ecfA; energy-coupling factor transport system ATP-binding protein",-0.928583642346162,"K01552"
"243","K00153",0.929211945769859,-0.0631442771689641,-0.00412192458385124," 09190 Not Included in Pathway or Brite","  09191 Unclassified: metabolism","   99980 Enzymes with EC numbers","    K00153  E1.1.1.306; S-(hydroxymethyl)mycothiol dehydrogenase",-0.929211945769859,"K00153"
"244","K04780",0.931086456984999,-0.0213997099242781,-0.00413023979535446," 09100 Metabolism","  09109 Metabolism of terpenoids and polyketides","   01053 Biosynthesis of siderophore group nonribosomal peptides","    K04780  dhbF; glyine---[glycyl-carrier protein] ligase",-0.931086456984999,"K04780"
"245","K26064",0.932073791028942,-0.0666918148127945,-0.00413461954583736," 09100 Metabolism","  09105 Amino acid metabolism","   00310 Lysine degradation","    K26064  amaD; D-lysine oxidase",-0.932073791028942,"K26064"
"246","K02810",0.934354307353755,-0.0733226816477625,-0.00414473576996245," 09100 Metabolism","  09101 Carbohydrate metabolism","   00500 Starch and sucrose metabolism","    K02810  scrA, sacP, sacX, ptsS; sucrose PTS system EIIBCA or EIIBC component",-0.934354307353755,"K02810"
"247","K03412",0.935714227151742,-0.0257460024177481,-0.00415076828694946," 09130 Environmental Information Processing","  09132 Signal transduction","   02020 Two-component system","    K03412  cheB; two-component system, chemotaxis family, protein-glutamate methylesterase/glutaminase",-0.935714227151742,"K03412"
"248","K23825",0.93606154461936,-0.0798717984300961,-0.00415230896495591," 09100 Metabolism","  09108 Metabolism of cofactors and vitamins","   00860 Porphyrin metabolism","    K23825  K23825; F420H(2)-dependent biliverdin reductase",-0.93606154461936,"K23825"
"249","K01750",0.939918031179109,-0.0612697241045198,-0.00416941609194699," 09100 Metabolism","  09105 Amino acid metabolism","   00330 Arginine and proline metabolism","    K01750  E4.3.1.12, ocd; ornithine cyclodeaminase",-0.939918031179109,"K01750"
"250","K18233",0.941385141649266,-0.023796088047986,-0.00417592409987962," 09130 Environmental Information Processing","  09131 Membrane transport","   02010 ABC transporters","    K18233  oleC5; oleandomycin transport system permease protein",-0.941385141649266,"K18233"
"251","K00275",0.942206071002885,-0.00968304416946065,-0.00417956568983086," 09100 Metabolism","  09108 Metabolism of cofactors and vitamins","   00750 Vitamin B6 metabolism","    K00275  pdxH, PNPO; pyridoxamine 5'-phosphate oxidase",-0.942206071002885,"K00275"
"252","K02346",0.942646723291976,-0.0721499726552282,-0.00418152039511808," 09180 Brite Hierarchies","  09182 Protein families: genetic information processing","   03400 DNA repair and recombination proteins","    K02346  dinB; DNA polymerase IV",-0.942646723291976,"K02346"
"253","K06287",0.942832042263853,-0.0758940415235072,-0.00418234245818938," 09100 Metabolism","  09104 Nucleotide metabolism","   00240 Pyrimidine metabolism","    K06287  yhdE; nucleoside triphosphate pyrophosphatase",-0.942832042263853,"K06287"
"254","K23465",0.94659171542472,-0.0590322856799345,-0.00419902012715347," 09190 Not Included in Pathway or Brite","  09191 Unclassified: metabolism","   99980 Enzymes with EC numbers","    K23465  tgnD; (E)-2-((N-methylformamido)methylene)succinate hydrolase",-0.94659171542472,"K23465"
"255","K01214",0.949428850077348,-0.0541282329128289,-0.0042116054744745," 09100 Metabolism","  09101 Carbohydrate metabolism","   00500 Starch and sucrose metabolism","    K01214  ISA, treX; isoamylase",-0.949428850077348,"K01214"
"256","K04568",0.951942446180739,-0.0170225397423585,-0.00422275562554564," 09180 Brite Hierarchies","  09182 Protein families: genetic information processing","   03012 Translation factors","    K04568  epmA, poxA; elongation factor P--(R)-beta-lysine ligase",-0.951942446180739,"K04568"
"257","K10715",0.956047522818302,-0.00753217299033035,-0.00424096548217522," 09130 Environmental Information Processing","  09132 Signal transduction","   02020 Two-component system","    K10715  rpfC; two-component system, sensor histidine kinase RpfC",-0.956047522818302,"K10715"
"258","K00166",0.956657692194086,-0.0475687363425154,-0.00424367215438473," 09100 Metabolism","  09101 Carbohydrate metabolism","   00640 Propanoate metabolism","    K00166  BCKDHA, bkdA1; 2-oxoisovalerate dehydrogenase E1 component subunit alpha",-0.956657692194086,"K00166"
"259","K07164",0.960892725732274,-0.0257603375070459,-0.00426245849148893," 09190 Not Included in Pathway or Brite","  09194 Poorly characterized","   99997 Function unknown","    K07164  K07164; uncharacterized protein",-0.960892725732274,"K07164"
"260","K05802",0.972222558963972,-0.0515428124590199,-0.00431271690491256," 09180 Brite Hierarchies","  09183 Protein families: signaling and cellular processes","   02000 Transporters","    K05802  mscK, kefA, aefA; potassium-dependent mechanosensitive channel",-0.972222558963972,"K05802"
"261","K00067",0.974501632936049,-0.0354307154513009,-0.00432282673085344," 09100 Metabolism","  09107 Glycan biosynthesis and metabolism","   00541 O-Antigen nucleotide sugar biosynthesis","    K00067  rfbD, rmlD; dTDP-4-dehydrorhamnose reductase",-0.974501632936049,"K00067"
"262","K20151",0.977255961085485,-0.0085366764761739,-0.00433504475383822," 09180 Brite Hierarchies","  09181 Protein families: metabolism","   01003 Glycosyltransferases","    K20151  fucT; alpha(1,3/1,4) fucosyltransferase",-0.977255961085485,"K20151"
"263","K07704",0.981690285531642,-0.0579264329292041,-0.00435471513262596," 09130 Environmental Information Processing","  09132 Signal transduction","   02020 Two-component system","    K07704  lytS; two-component system, LytTR family, sensor histidine kinase LytS",-0.981690285531642,"K07704"
"264","K13665",0.982840482004957,-0.0548724023061548,-0.00435981733039817," 09100 Metabolism","  09107 Glycan biosynthesis and metabolism","   00543 Exopolysaccharide biosynthesis","    K13665  gumL; pyruvyltransferase",-0.982840482004957,"K13665"
"265","K16876",0.986104111347375,-0.0400044970095856,-0.0043742945808041," 09100 Metabolism","  09111 Xenobiotics biodegradation and metabolism","   00365 Furfural degradation","    K16876  hmfD; 2-furoate---CoA ligase",-0.986104111347375,"K16876"
"266","K03090",0.988195109611247,-0.084870401675133,-0.00438357011496817," 09180 Brite Hierarchies","  09182 Protein families: genetic information processing","   03021 Transcription machinery","    K03090  sigB; RNA polymerase sigma-B factor",-0.988195109611247,"K03090"
"267","K07460",0.992629179058927,-0.00177336912681688,-0.00440323936259902," 09190 Not Included in Pathway or Brite","  09192 Unclassified: genetic information processing","   99976 Replication and repair","    K07460  yraN; putative endonuclease",-0.992629179058927,"K07460"
"268","K09795",0.994501597642273,-0.0547564029859912,-0.00441154529132183," 09190 Not Included in Pathway or Brite","  09194 Poorly characterized","   99997 Function unknown","    K09795  K09795; uncharacterized protein",-0.994501597642273,"K09795"
"269","K09937",0.995592351143051,-0.0600983481935811,-0.00441638380388105," 09190 Not Included in Pathway or Brite","  09194 Poorly characterized","   99997 Function unknown","    K09937  K09937; uncharacterized protein",-0.995592351143051,"K09937"
"270","K06997",0.997650354022347,-0.0154123640101515,-0.00442551297263574," 09190 Not Included in Pathway or Brite","  09191 Unclassified: metabolism","   99985 Amino acid metabolism","    K06997  yggS, PROSC; PLP dependent protein",-0.997650354022347,"K06997"
"271","K09781",1.00084447200935,-0.0674900996609763,-0.00443968187512811," 09190 Not Included in Pathway or Brite","  09194 Poorly characterized","   99997 Function unknown","    K09781  K09781; uncharacterized protein",-1.00084447200935,"K09781"
"272","K16841",1.00425044508434,-0.0365444947901578,-0.00445479055320059," 09100 Metabolism","  09104 Nucleotide metabolism","   00230 Purine metabolism","    K16841  hpxA; allantoin racemase",-1.00425044508434,"K16841"
"273","K01834",1.01184652455661,-0.0499311892409847,-0.00448848627446221," 09100 Metabolism","  09101 Carbohydrate metabolism","   00010 Glycolysis / Gluconeogenesis","    K01834  PGAM, gpmA; 2,3-bisphosphoglycerate-dependent phosphoglycerate mutase",-1.01184652455661,"K01834"
"274","K01191",1.01399442262743,-0.0945501578390529,-0.00449801421251986," 09100 Metabolism","  09107 Glycan biosynthesis and metabolism","   00511 Other glycan degradation","    K01191  MAN2C1; alpha-mannosidase",-1.01399442262743,"K01191"
"275","K18189",1.01474650791588,-0.0945507373515596,-0.00450135041461424," 09180 Brite Hierarchies","  09182 Protein families: genetic information processing","   03029 Mitochondrial biogenesis","    K18189  TACO1; translational activator of cytochrome c oxidase 1",-1.01474650791588,"K18189"
"276","K01235",1.01598382235996,-0.0437779552934028,-0.00450683906211628," 09190 Not Included in Pathway or Brite","  09191 Unclassified: metabolism","   99980 Enzymes with EC numbers","    K01235  aguA; alpha-glucuronidase",-1.01598382235996,"K01235"
"277","K07343",1.01656791210574,-0.0613720626537068,-0.00450943004676006," 09190 Not Included in Pathway or Brite","  09193 Unclassified: signaling and cellular processes","   99993 Cell motility","    K07343  tfoX; DNA transformation protein and related proteins",-1.01656791210574,"K07343"
"278","K03953",1.01900084077739,-0.062204653255239,-0.00452022236227871," 09100 Metabolism","  09102 Energy metabolism","   00190 Oxidative phosphorylation","    K03953  NDUFA9; NADH dehydrogenase (ubiquinone) 1 alpha subcomplex subunit 9",-1.01900084077739,"K03953"
"279","K12537",1.01992576067343,-0.0857991691469429,-0.00452432524760528," 09180 Brite Hierarchies","  09183 Protein families: signaling and cellular processes","   02000 Transporters","    K12537  hasE, prtE, rsaE, prsE, eexE; membrane fusion protein, type I secretion system",-1.01992576067343,"K12537"
"280","K06162",1.02467569911265,-0.0290360381755106,-0.00454539566982006," 09100 Metabolism","  09106 Metabolism of other amino acids","   00440 Phosphonate and phosphinate metabolism","    K06162  phnM; alpha-D-ribose 1-methylphosphonate 5-triphosphate diphosphatase",-1.02467569911265,"K06162"
"281","K11604",1.02656618266173,-0.0229136073056478,-0.00455378173357204," 09130 Environmental Information Processing","  09131 Membrane transport","   02010 ABC transporters","    K11604  sitA; manganese/iron transport system substrate-binding protein",-1.02656618266173,"K11604"
"282","K10117",1.0265937793339,-0.0949390526772602,-0.00455390415063951," 09130 Environmental Information Processing","  09131 Membrane transport","   02010 ABC transporters","    K10117  msmE; raffinose/stachyose/melibiose transport system substrate-binding protein",-1.0265937793339,"K10117"
"283","K04117",1.02938644094656,-0.02428623374726,-0.00456629221840808,NA,NA,NA,NA,-1.02938644094656,"K04117"
"284","K00657",1.04568390334046,-0.0767147135526394,-0.00463858671612912," 09100 Metabolism","  09105 Amino acid metabolism","   00330 Arginine and proline metabolism","    K00657  speG, SAT; diamine N-acetyltransferase",-1.04568390334046,"K00657"
"285","K24725",1.05406077768099,-0.0259582119170501,-0.00467574599333953," 09180 Brite Hierarchies","  09183 Protein families: signaling and cellular processes","   04990 Domain-containing proteins not elsewhere classified","    K24725  AAMP; angio-associated migratory cell protein",-1.05406077768099,"K24725"
"286","K01627",1.05634494377084,-0.0329985092934407,-0.00468587840758816," 09100 Metabolism","  09107 Glycan biosynthesis and metabolism","   00540 Lipopolysaccharide biosynthesis","    K01627  kdsA; 2-dehydro-3-deoxyphosphooctonate aldolase (KDO 8-P synthase)",-1.05634494377084,"K01627"
"287","K10439",1.06558195293149,-0.057912420656014,-0.00472685318768424," 09130 Environmental Information Processing","  09131 Membrane transport","   02010 ABC transporters","    K10439  rbsB; ribose transport system substrate-binding protein",-1.06558195293149,"K10439"
"288","K05342",1.0673075864807,-0.0722770593593964,-0.00473450798741167," 09100 Metabolism","  09101 Carbohydrate metabolism","   00500 Starch and sucrose metabolism","    K05342  treP; alpha,alpha-trehalose phosphorylase",-1.0673075864807,"K05342"
"289","K02405",1.07560927513284,-0.0751625472002903,-0.00477133374573139," 09130 Environmental Information Processing","  09132 Signal transduction","   02020 Two-component system","    K02405  fliA, whiG; RNA polymerase sigma factor FliA",-1.07560927513284,"K02405"
"290","K17818",1.07944524007503,-0.0897349657816342,-0.00478834984014346," 09100 Metabolism","  09101 Carbohydrate metabolism","   00040 Pentose and glucuronate interconversions","    K17818  ARD1; D-arabinitol dehydrogenase (NADP+)",-1.07944524007503,"K17818"
"291","K02483",1.08642129468483,-0.0537651384599251,-0.00481929517088885," 09180 Brite Hierarchies","  09183 Protein families: signaling and cellular processes","   02022 Two-component system","    K02483  K02483; two-component system, OmpR family, response regulator",-1.08642129468483,"K02483"
"292","K12369",1.09363106186671,-0.00260693085452075,-0.00485127723561166," 09130 Environmental Information Processing","  09131 Membrane transport","   02010 ABC transporters","    K12369  dppB; dipeptide transport system permease protein",-1.09363106186671,"K12369"
"293","K18553",1.10009210067504,-0.0565280541190494,-0.00487993798929926," 09180 Brite Hierarchies","  09183 Protein families: signaling and cellular processes","   02000 Transporters","    K18553  cmlR, cmx; MFS transporter, DHA1 family, chloramphenicol resistance protein",-1.10009210067504,"K18553"
"294","K01829",1.10317579953003,-0.0432765244381215,-0.00489361707960524," 09190 Not Included in Pathway or Brite","  09191 Unclassified: metabolism","   99980 Enzymes with EC numbers","    K01829  dsbH; disulfide reductase",-1.10317579953003,"K01829"
"295","K05939",1.1146461482483,-0.0529225387561764,-0.00494449881071343," 09100 Metabolism","  09103 Lipid metabolism","   00071 Fatty acid degradation","    K05939  aas; acyl-[acyl-carrier-protein]-phospholipid O-acyltransferase / long-chain-fatty-acid--[acyl-carrier-protein] ligase",-1.1146461482483,"K05939"
"296","K02398",1.12161274594186,-0.0703123896825018,-0.00497540219118504," 09130 Environmental Information Processing","  09132 Signal transduction","   02020 Two-component system","    K02398  flgM; negative regulator of flagellin synthesis FlgM",-1.12161274594186,"K02398"
"297","K01776",1.13074488493279,-0.0950849001593669,-0.00501591177393547," 09100 Metabolism","  09106 Metabolism of other amino acids","   00470 D-Amino acid metabolism","    K01776  murI; glutamate racemase",-1.13074488493279,"K01776"
"298","K00158",1.13593500631929,-0.0830794567792584,-0.0050389348194673," 09100 Metabolism","  09101 Carbohydrate metabolism","   00620 Pyruvate metabolism","    K00158  spxB, poxL; pyruvate oxidase",-1.13593500631929,"K00158"
"299","K00854",1.13831959746849,-0.0880876904077635,-0.00504951271283713," 09100 Metabolism","  09101 Carbohydrate metabolism","   00040 Pentose and glucuronate interconversions","    K00854  xylB, XYLB; xylulokinase",-1.13831959746849,"K00854"
"300","K15510",1.20397197537628,-0.0575535082751698,-0.00534074244973228," 09190 Not Included in Pathway or Brite","  09191 Unclassified: metabolism","   99980 Enzymes with EC numbers","    K15510  fgd1; coenzyme F420-dependent glucose-6-phosphate dehydrogenase",-1.20397197537628,"K15510"
"301","K00647",1.20877309118166,-0.0943508776414529,-0.00536203989146044," 09100 Metabolism","  09103 Lipid metabolism","   00061 Fatty acid biosynthesis","    K00647  fabB; 3-oxoacyl-[acyl-carrier-protein] synthase I",-1.20877309118166,"K00647"
"302","K02030",1.21139242896793,-0.0810146369569734,-0.00537365910585362," 09180 Brite Hierarchies","  09183 Protein families: signaling and cellular processes","   02000 Transporters","    K02030  ABC.PA.S; polar amino acid transport system substrate-binding protein",-1.21139242896793,"K02030"
"303","K15629",1.21267063098923,-0.0766050704534933,-0.00537932912802535," 09180 Brite Hierarchies","  09181 Protein families: metabolism","   00199 Cytochrome P450","    K15629  CYP152A; fatty-acid peroxygenase",-1.21267063098923,"K15629"
"304","K13599",1.26242627013838,-0.0669140829996304,-0.00560004195153966," 09130 Environmental Information Processing","  09132 Signal transduction","   02020 Two-component system","    K13599  ntrX; two-component system, NtrC family, nitrogen regulation response regulator NtrX",-1.26242627013838,"K13599"
"305","K04793",1.28191027481517,-0.0277221605289326,-0.00568647174641557," 09100 Metabolism","  09109 Metabolism of terpenoids and polyketides","   01053 Biosynthesis of siderophore group nonribosomal peptides","    K04793  mbtG; mycobactin lysine-N-oxygenase",-1.28191027481517,"K04793"
"306","K22319",1.36710442724478,-0.0328620789855013,-0.00606438754151336," 09190 Not Included in Pathway or Brite","  09191 Unclassified: metabolism","   99980 Enzymes with EC numbers","    K22319  oleC; olefin beta-lactone synthetase",-1.36710442724478,"K22319"
"307","K01779",1.3735218977633,-0.0668993894255188,-0.00609285502906221," 09100 Metabolism","  09105 Amino acid metabolism","   00250 Alanine, aspartate and glutamate metabolism","    K01779  racD; aspartate racemase",-1.3735218977633,"K01779"
"308","K01808",1.39786480012626,-0.0531509878228546,-0.00620083858238278," 09100 Metabolism","  09101 Carbohydrate metabolism","   00030 Pentose phosphate pathway","    K01808  rpiB; ribose 5-phosphate isomerase B",-1.39786480012626,"K01808"
"309","K12503",1.40687061743752,-0.0741931645245063,-0.00624078781026556," 09100 Metabolism","  09109 Metabolism of terpenoids and polyketides","   00900 Terpenoid backbone biosynthesis","    K12503  E2.5.1.68; short-chain Z-isoprenyl diphosphate synthase",-1.40687061743752,"K12503"
"310","K00008",1.43857407215524,-0.0507294392411891,-0.00638142230166323," 09100 Metabolism","  09101 Carbohydrate metabolism","   00040 Pentose and glucuronate interconversions","    K00008  SORD, gutB; L-iditol 2-dehydrogenase",-1.43857407215524,"K00008"
"311","K17662",1.48729771949171,-0.086805382368239,-0.00659755727569728," 09180 Brite Hierarchies","  09182 Protein families: genetic information processing","   03029 Mitochondrial biogenesis","    K17662  CBP3, UQCC; cytochrome b pre-mRNA-processing protein 3",-1.48729771949171,"K17662"
