Pathway,Subpathway,shared,shared2,KO,name,Linnea
AA degradation,shared,shared,,K00022,HADH; 3-hydroxyacyl-CoA dehydrogenase [EC:1.1.1.35],
AA degradation,shared,shared,,K00128,ALDH; aldehyde dehydrogenase (NAD+) [EC:1.2.1.3],
AA degradation,shared,shared,,K00135,gabD; succinate-semialdehyde dehydrogenase / glutarate-semialdehyde dehydrogenase [EC:1.2.1.16 1.2.1.79 1.2.1.20],
AA degradation,shared,shared,,K00137,prr; aminobutyraldehyde dehydrogenase [EC:1.2.1.19],
AA degradation,shared,shared,,K00149,ALDH9A1; aldehyde dehydrogenase family 9 member A1 [EC:1.2.1.47 1.2.1.3],
AA degradation,shared,shared,,K00166,"BCKDHA, bkdA1; 2-oxoisovalerate dehydrogenase E1 component alpha subunit [EC:1.2.4.4]",
AA degradation,shared,shared,,K00167,"BCKDHB, bkdA2; 2-oxoisovalerate dehydrogenase E1 component beta subunit [EC:1.2.4.4]",
AA degradation,shared,shared,,K00249,"ACADM, acd; acyl-CoA dehydrogenase [EC:1.3.8.7]",
AA degradation,shared,shared,,K00252,"GCDH, gcdH; glutaryl-CoA dehydrogenase [EC:1.3.8.6]",
AA degradation,shared,shared,,K00274,"MAO, aofH; monoamine oxidase [EC:1.4.3.4]",
AA degradation,shared,shared,,K00276,"AOC3, AOC2, tynA; primary-amine oxidase [EC:1.4.3.21]",
AA degradation,shared,shared,,K00382,"DLD, lpd, pdhD; dihydrolipoamide dehydrogenase [EC:1.8.1.4]",
AA degradation,shared,shared,,K00632,"fadA, fadI; acetyl-CoA acyltransferase [EC:2.3.1.16]",
AA degradation,shared,shared,,K00658,"DLST, sucB; 2-oxoglutarate dehydrogenase E2 component (dihydrolipoamide succinyltransferase) [EC:2.3.1.61]",
AA degradation,shared,shared,,K00811,"ASP5; aspartate aminotransferase, chloroplastic [EC:2.6.1.1]",
AA degradation,shared,shared,,K00812,aspB; aspartate aminotransferase [EC:2.6.1.1],
AA degradation,shared,shared,,K00813,aspC; aspartate aminotransferase [EC:2.6.1.1],
AA degradation,shared,shared,,K00824,dat; D-alanine transaminase [EC:2.6.1.21],
AA degradation,shared,shared,,K00827,AGXT2; alanine-glyoxylate transaminase / (R)-3-amino-2-methylpropionate-pyruvate transaminase [EC:2.6.1.44 2.6.1.40],
AA degradation,shared,shared,,K00830,AGXT; alanine-glyoxylate transaminase / serine-glyoxylate transaminase / serine-pyruvate transaminase [EC:2.6.1.44 2.6.1.45 2.6.1.51],
AA degradation,shared,shared,,K01426,"E3.5.1.4, amiE; amidase [EC:3.5.1.4]",
AA degradation,shared,shared,,K01580,"E4.1.1.15, gadB, gadA, GAD; glutamate decarboxylase [EC:4.1.1.15]",
AA degradation,shared,shared,,K01692,"paaF, echA; enoyl-CoA hydratase [EC:4.2.1.17]",
AA degradation,shared,shared,,K01782,fadJ; 3-hydroxyacyl-CoA dehydrogenase / enoyl-CoA hydratase / 3-hydroxybutyryl-CoA epimerase [EC:1.1.1.35 4.2.1.17 5.1.2.3],
AA degradation,shared,shared,,K01825,fadB; 3-hydroxyacyl-CoA dehydrogenase / enoyl-CoA hydratase / 3-hydroxybutyryl-CoA epimerase / enoyl-CoA isomerase [EC:1.1.1.35 4.2.1.17 5.1.2.3 5.3.3.8],
AA degradation,shared,shared,,K01847,MUT; methylmalonyl-CoA mutase [EC:5.4.99.2],
AA degradation,shared,shared,,K01848,"E5.4.99.2A, mcmA1; methylmalonyl-CoA mutase, N-terminal domain [EC:5.4.99.2]",
AA degradation,shared,shared,,K01849,"E5.4.99.2B, mcmA2; methylmalonyl-CoA mutase, C-terminal domain [EC:5.4.99.2]",
AA degradation,shared,shared,,K01965,"PCCA, pccA; propionyl-CoA carboxylase alpha chain [EC:6.4.1.3]",
AA degradation,shared,shared,,K01966,"PCCB, pccB; propionyl-CoA carboxylase beta chain [EC:6.4.1.3 2.1.3.15]",
AA degradation,shared,shared,,K03334,IL4I1; L-amino-acid oxidase [EC:1.4.3.2],
AA degradation,shared,shared,,K05597,"aspQ, ansB, ansA; glutamin-(asparagin-)ase [EC:3.5.1.38]",
AA degradation,shared,shared,,K05606,"MCEE, epi; methylmalonyl-CoA/ethylmalonyl-CoA epimerase [EC:5.1.99.1]",
AA degradation,shared,shared,,K07250,gabT; 4-aminobutyrate aminotransferase / (S)-3-amino-2-methylpropionate transaminase / 5-aminovalerate transaminase [EC:2.6.1.19 2.6.1.22 2.6.1.48],
AA degradation,shared,shared,,K07511,ECHS1; enoyl-CoA hydratase [EC:4.2.1.17],
AA degradation,shared,shared,,K07514,"EHHADH; enoyl-CoA hydratase / 3-hydroxyacyl-CoA dehydrogenase / 3,2-trans-enoyl-CoA isomerase [EC:4.2.1.17 1.1.1.35 5.3.3.8]",
AA degradation,shared,shared,,K07515,HADHA; enoyl-CoA hydratase / long-chain 3-hydroxyacyl-CoA dehydrogenase [EC:4.2.1.17 1.1.1.211],
AA degradation,shared,shared,,K09251,patA; putrescine aminotransferase [EC:2.6.1.82],
AA degradation,shared,shared,,K09699,"DBT, bkdB; 2-oxoisovalerate dehydrogenase E2 component (dihydrolipoyl transacylase) [EC:2.3.1.168]",
AA degradation,shared,shared,,K11263,"bccA, pccA; acetyl-CoA/propionyl-CoA carboxylase, biotin carboxylase, biotin carboxyl carrier protein [EC:6.4.1.2 6.4.1.3 6.3.4.14]",
AA degradation,shared,shared,,K11358,yhdR; aspartate aminotransferase [EC:2.6.1.1],
AA degradation,shared,shared,,K13524,ABAT; 4-aminobutyrate aminotransferase / (S)-3-amino-2-methylpropionate transaminase [EC:2.6.1.19 2.6.1.22],
AA degradation,shared,shared,,K13566,"NIT2, yafV; omega-amidase [EC:3.5.1.3]",
AA degradation,shared,shared,,K14085,ALDH7A1; aldehyde dehydrogenase family 7 member A1 [EC:1.2.1.31 1.2.1.8 1.2.1.3],
AA degradation,shared,shared,,K14268,"davT, gabT; 5-aminovalerate/4-aminobutyrate aminotransferase [EC:2.6.1.48 2.6.1.19]",
AA degradation,shared,shared,,K14454,"GOT1; aspartate aminotransferase, cytoplasmic [EC:2.6.1.1]",
AA degradation,shared,shared,,K14455,"GOT2; aspartate aminotransferase, mitochondrial [EC:2.6.1.1]",
AA degradation,shared,shared,,K15791,DHKTD1; probable 2-oxoglutarate dehydrogenase E1 component DHKTD1 [EC:1.2.4.2],
AA degradation,shared,shared,,K16871,POP2; 4-aminobutyrate---pyruvate transaminase [EC:2.6.1.96],
AA degradation,shared,shared,,K18472,accD6; acetyl-CoA/propionyl-CoA carboxylase carboxyl transferase subunit [EC:6.4.1.2 6.4.1.3 2.1.3.15],
AA degradation,shared,shared,,K25316,,
AA degradation,shared,shared,,K25317,,
AA degradation,cysteine and methionine,shared,shared,k17217,mccB; cystathionine gamma-lyase / homocysteine desulfhydrase [EC:4.4.1.1 4.4.1.2],
AA degradation,cysteine and methionine,shared,shared,k01758,CTH; cystathionine gamma-lyase [EC:4.4.1.1],
AA degradation,cysteine and methionine,shared,shared,k00456,CDO1; cysteine dioxygenase [EC:1.13.11.20],
AA degradation,cysteine and methionine,cysteine,1- cys to cysteate to pyruvate,k00024,mdh; malate dehydrogenase [EC:1.1.1.37],
AA degradation,cysteine and methionine,cysteine,1- cys to cysteate to pyruvate,k00025,MDH1; malate dehydrogenase [EC:1.1.1.37],
AA degradation,cysteine and methionine,cysteine,1- cys to cysteate to pyruvate,k00026,MDH2; malate dehydrogenase [EC:1.1.1.37],
AA degradation,cysteine and methionine,cysteine,1- cys to cysteate to pyruvate,k16844,comC; (2R)-3-sulfolactate dehydrogenase (NADP+) [EC:1.1.1.338],
AA degradation,cysteine and methionine,cysteine,1- cys to cysteate to pyruvate,k16845,suyA; (2R)-sulfolactate sulfo-lyase subunit alpha [EC:4.4.1.24],
AA degradation,cysteine and methionine,cysteine,1- cys to cysteate to pyruvate,k16846,suyB; (2R)-sulfolactate sulfo-lyase subunit beta [EC:4.4.1.24],
AA degradation,cysteine and methionine,cysteine,1- cys to cysteate to pyruvate,k17950,cuyA; L-cysteate sulfo-lyase [EC:4.4.1.25],
AA degradation,cysteine and methionine,cysteine,2- cys to pyruvate,k01011,"TST, MPST, sseA; thiosulfate/3-mercaptopyruvate sulfurtransferase [EC:2.8.1.1 2.8.1.2]",
AA degradation,cysteine and methionine,cysteine,2- cys to pyruvate,k00816,CCBL; kynurenine---oxoglutarate transaminase / cysteine-S-conjugate beta-lyase / glutamine---phenylpyruvate transaminase [EC:2.6.1.7 4.4.1.13 2.6.1.64],
AA degradation,cysteine and methionine,cysteine,2- cys to pyruvate,k01760,metC; cysteine-S-conjugate beta-lyase [EC:4.4.1.13],
AA degradation,cysteine and methionine,cysteine,2- cys to pyruvate,k14155,"patB, malY; cysteine-S-conjugate beta-lyase [EC:4.4.1.13]",
AA degradation,cysteine and methionine,cysteine,2- cys to pyruvate,k05396,dcyD; D-cysteine desulfhydrase [EC:4.4.1.15],
AA degradation,cysteine and methionine,cysteine,2- cys to pyruvate,k09758,asdA; aspartate 4-decarboxylase [EC:4.1.1.12],
AA degradation,cysteine and methionine,cysteine,2- cys to pyruvate,k22207,LCD; L-cysteine desulfhydrase [EC:4.4.1.28],
AA degradation,cysteine and methionine,cysteine,2- cys to pyruvate,k20021,E4.4.1.28; L-cysteine desulfidase [EC:4.4.1.28],
AA degradation,cysteine and methionine,cysteine,3- via taurine,k10712,ADO; cysteamine dioxygenase [EC:1.13.11.19],
AA degradation,cysteine and methionine,cysteine,3- via taurine,k00485,FMO; dimethylaniline monooxygenase (N-oxide forming) [EC:1.14.13.8],
AA degradation,cysteine and methionine,cysteine,3- via taurine,k03851,tpa; taurine-pyruvate aminotransferase [EC:2.6.1.77],
AA degradation,cysteine and methionine,cysteine,3- via taurine,k15372,toa; taurine---2-oxoglutarate transaminase [EC:2.6.1.55],
AA degradation,cysteine and methionine,cysteine,3- via taurine,k03852,xsc; sulfoacetaldehyde acetyltransferase [EC:2.3.3.15],
AA degradation,cysteine and methionine,cysteine,3- via taurine,k15373,isfD; sulfoacetaldehyde reductase [EC:1.1.1.313],
AA degradation,cysteine and methionine,cysteine,3- via taurine,k18966,"GADL1, CSADC, ADC; sulfinoalanine decarboxylase / aspartate 1-decarboxylase [EC:4.1.1.29 4.1.1.11]",
AA degradation,cysteine and methionine,cysteine,3- via taurine,k07255,tauX; taurine dehydrogenase small subunit [EC:1.4.2.-],
AA degradation,cysteine and methionine,cysteine,3- via taurine,k07556,"ATPeAF2, ATPAF2, ATP12; ATP synthase mitochondrial F1 complex assembly factor 2",
AA degradation,cysteine and methionine,cysteine,3- via taurine,k25985,,
AA degradation,cysteine and methionine,cysteine,3- via taurine,k25261,,
AA degradation,cysteine and methionine,cysteine,3- via taurine,k25262,,
AA degradation,cysteine and methionine,methionine,1 met to cystathione to ser and 2-oxobutanoate,k00789,metK; S-adenosylmethionine synthetase [EC:2.5.1.6],
AA degradation,cysteine and methionine,methionine,1 met to cystathione to ser and 2-oxobutanoate,k00558,"DNMT1, dcm; DNA (cytosine-5)-methyltransferase 1 [EC:2.1.1.37]",
AA degradation,cysteine and methionine,methionine,1 met to cystathione to ser and 2-oxobutanoate,k01243,"mtnN, mtn, pfs; adenosylhomocysteine nucleosidase [EC:3.2.2.9]",
AA degradation,cysteine and methionine,methionine,1 met to cystathione to ser and 2-oxobutanoate,k07173,luxS; S-ribosylhomocysteine lyase [EC:4.4.1.21],
AA degradation,cysteine and methionine,methionine,1 met to cystathione to ser and 2-oxobutanoate,k01697,CBS; cystathionine beta-synthase [EC:4.2.1.22],
AA degradation,cysteine and methionine,methionine,1 met to cystathione to ser and 2-oxobutanoate,k17216,mccA; cystathionine beta-synthase (O-acetyl-L-serine) [EC:2.5.1.134],
AA degradation,cysteine and methionine,methionine,1 met to cystathione to ser and 2-oxobutanoate,k17398,DNMT3A; DNA (cytosine-5)-methyltransferase 3A [EC:2.1.1.37],
AA degradation,cysteine and methionine,methionine,1 met to cystathione to ser and 2-oxobutanoate,k17399,DNMT3B; DNA (cytosine-5)-methyltransferase 3B [EC:2.1.1.37],
AA degradation,cysteine and methionine,methionine,1 met to cystathione to ser and 2-oxobutanoate,k17462,yrrT; putative AdoMet-dependent methyltransferase [EC:2.1.1.-],
AA degradation,cysteine and methionine,methionine,1 met to cystathione to ser and 2-oxobutanoate,k01251,"E3.3.1.1, ahcY; adenosylhomocysteinase [EC:3.3.1.1]",
AA degradation,cysteine and methionine,methionine,1 met to cystathione to ser and 2-oxobutanoate,k18284,K18284; adenosylhomocysteine/aminodeoxyfutalosine nucleosidase [EC:3.2.2.9 3.2.2.30],
AA degradation,cysteine and methionine,methionine,1 met to cystathione to ser and 2-oxobutanoate,k12960,mtaD; 5-methylthioadenosine/S-adenosylhomocysteine deaminase [EC:3.5.4.31 3.5.4.28],
AA degradation,cysteine and methionine,methionine,1 met to cystathione to ser and 2-oxobutanoate,k01566,,
AA degradation,cysteine and methionine,methionine,1 met to cystathione to ser and 2-oxobutanoate,k10150,cysO; cysteine synthase / O-phosphoserine sulfhydrylase / cystathionine beta-synthase [EC:2.5.1.47 2.5.1.65 4.2.1.22],
AA degradation,cysteine and methionine,,2 met to methanethiol,k01761,E4.4.1.11; methionine-gamma-lyase [EC:4.4.1.11],
AA degradation,"valine, leucine, and isoleucine",shared,shared,k11381,bkdA; 2-oxoisovalerate dehydrogenase E1 component [EC:1.2.4.4],
AA degradation,"valine, leucine, and isoleucine",shared,shared,k00248,"ACADS, bcd; butyryl-CoA dehydrogenase [EC:1.3.8.1]",
AA degradation,"valine, leucine, and isoleucine",shared,shared,k09478,ACADSB; short/branched chain acyl-CoA dehydrogenase [EC:1.3.99.12],
AA degradation,"valine, leucine, and isoleucine",shared,shared,k11410,acdH; short/branched chain acyl-CoA dehydrogenase [EC:1.3.99.12],
AA degradation,"valine, leucine, and isoleucine",shared,shared,k00826,"E2.6.1.42, ilvE; branched-chain amino acid aminotransferase [EC:2.6.1.42]",
AA degradation,"valine, leucine, and isoleucine",leucine,leu to acetacetate and acetyl-CoA,k00263,E1.4.1.9; leucine dehydrogenase [EC:1.4.1.9],
AA degradation,"valine, leucine, and isoleucine",leucine,leu to acetacetate and acetyl-CoA,k00253,"IVD, ivd; isovaleryl-CoA dehydrogenase [EC:1.3.8.4]",
AA degradation,"valine, leucine, and isoleucine",leucine,leu to acetacetate and acetyl-CoA,k01968,E6.4.1.4A; 3-methylcrotonyl-CoA carboxylase alpha subunit [EC:6.4.1.4],
AA degradation,"valine, leucine, and isoleucine",leucine,leu to acetacetate and acetyl-CoA,k01969,E6.4.1.4B; 3-methylcrotonyl-CoA carboxylase beta subunit [EC:6.4.1.4],
AA degradation,"valine, leucine, and isoleucine",leucine,leu to acetacetate and acetyl-CoA,k05607,AUH; methylglutaconyl-CoA hydratase [EC:4.2.1.18],
AA degradation,"valine, leucine, and isoleucine",leucine,leu to acetacetate and acetyl-CoA,k13766,liuC; methylglutaconyl-CoA hydratase [EC:4.2.1.18],
AA degradation,"valine, leucine, and isoleucine",leucine,leu to acetacetate and acetyl-CoA,k01640,"E4.1.3.4, HMGCL, hmgL; hydroxymethylglutaryl-CoA lyase [EC:4.1.3.4]",
AA degradation,"valine, leucine, and isoleucine",val,val to succinate,k00271,vdh; valine dehydrogenase (NAD+) [EC:1.4.1.23],
AA degradation,"valine, leucine, and isoleucine",val,val to succinate,k05605,HIBCH; 3-hydroxyisobutyryl-CoA hydrolase [EC:3.1.2.4],
AA degradation,"valine, leucine, and isoleucine",val,val to succinate,k00020,"mmsB, HIBADH; 3-hydroxyisobutyrate dehydrogenase [EC:1.1.1.31]",
AA degradation,"valine, leucine, and isoleucine",val,val to succinate,k18660,ACSF3; malonyl-CoA/methylmalonyl-CoA synthetase [EC:6.2.1.-],
AA degradation,"valine, leucine, and isoleucine",val,val to succinate,k18661,matB; malonyl-CoA/methylmalonyl-CoA synthetase [EC:6.2.1.-],
AA degradation,"valine, leucine, and isoleucine",val,val to succinate,k11538,ACAD8; isobutyryl-CoA dehydrogenase [EC:1.3.99.-],
AA degradation,"valine, leucine, and isoleucine",val,val to succinate,k23146,HPD1; 3-hydroxypropionate dehydrogenase [EC:1.1.1.59],
AA degradation,"valine, leucine, and isoleucine",val,val to succinate,k00157,AOX; aldehyde oxidase [EC:1.2.3.1],
AA degradation,"valine, leucine, and isoleucine",ile,ile to succinate and acetyl-CoA,k07508,ACAA2; acetyl-CoA acyltransferase 2 [EC:2.3.1.16],
AA degradation,"valine, leucine, and isoleucine",ile,ile to succinate and acetyl-CoA,k07509,HADHB; acetyl-CoA acyltransferase [EC:2.3.1.16],
AA degradation,"valine, leucine, and isoleucine",ile,ile to succinate and acetyl-CoA,k07513,ACAA1; acetyl-CoA acyltransferase 1 [EC:2.3.1.16],
AA degradation,"valine, leucine, and isoleucine",ile,ile to succinate and acetyl-CoA,k08683,HSD17B10; 3-hydroxyacyl-CoA dehydrogenase / 3-hydroxy-2-methylbutyryl-CoA dehydrogenase [EC:1.1.1.35 1.1.1.178],
AA degradation,"valine, leucine, and isoleucine",ile,ile to succinate and acetyl-CoA,k00140,"mmsA, iolA, ALDH6A1; malonate-semialdehyde dehydrogenase (acetylating) / methylmalonate-semialdehyde dehydrogenase [EC:1.2.1.18 1.2.1.27]",
AA degradation,"valine, leucine, and isoleucine",ile,ile to succinate and acetyl-CoA,k19312,pccB; acetyl-CoA/propionyl-CoA carboxylase carboxyl transferase subunit [EC:6.4.1.2 6.4.1.3 2.1.3.15],
AA degradation,"valine, leucine, and isoleucine",ile,ile to succinate and acetyl-CoA,k22568,"pccX; acetyl-CoA/propionyl-CoA carboxylase, PccX subunit [EC:6.4.1.2 6.4.1.3]",
AA degradation,"valine, leucine, and isoleucine",ile,ile to succinate and acetyl-CoA,k01964,K01964; acetyl-CoA/propionyl-CoA carboxylase [EC:6.4.1.2 6.4.1.3],
AA degradation,"valine, leucine, and isoleucine",ile,ile to succinate and acetyl-CoA,k15037,K15037; biotin carboxyl carrier protein,
AA degradation,"valine, leucine, and isoleucine",ile,ile to succinate and acetyl-CoA,k15036,K15036; acetyl-CoA/propionyl-CoA carboxylase [EC:6.4.1.2 6.4.1.3 2.1.3.15],
AA degradation,lysine,shared,shared,k15737,csiD; glutarate dioxygenase [EC:1.14.11.64],
AA degradation,lysine,via glutarate,to oxoglutarate,k01582,"E4.1.1.18, ldcC, cadA; lysine decarboxylase [EC:4.1.1.18]",
AA degradation,lysine,via glutarate,to oxoglutarate,k15736,lhgO; (S)-2-hydroxyglutarate dehydrogenase [EC:1.1.5.13],
AA degradation,lysine,via glutarate,to oxoglutarate,k00468,,
AA degradation,lysine,via glutarate,to oxoglutarate,k01506,,
AA degradation,lysine,via glutarate,to oxoglutarate,k23385,dokD; D-ornithine/D-lysine decarboxylase [EC:4.1.1.116],
AA degradation,lysine,via aminoadipate,to succinate,k00290,"LYS1; saccharopine dehydrogenase (NAD+, L-lysine forming) [EC:1.5.1.7]",
AA degradation,lysine,via aminoadipate,to succinate,k14157,AASS; alpha-aminoadipic semialdehyde synthase [EC:1.5.1.8 1.5.1.9],
AA degradation,lysine,via aminoadipate,to succinate,k00293,"LYS9; saccharopine dehydrogenase (NADP+, L-glutamate forming) [EC:1.5.1.10]",
AA degradation,lysine,via aminoadipate,to succinate,k24034,,
AA degradation,lysine,via aminoadipate,to succinate,k26021,,
AA degradation,lysine,via aminoadipate,to succinate,k00825,"AADAT, KAT2; kynurenine/2-aminoadipate aminotransferase [EC:2.6.1.7 2.6.1.39]",
AA degradation,lysine,via aminoadipate,to succinate,k26062,,
AA degradation,lysine,via aminoadipate,to succinate,k25986,,
AA degradation,lysine,via aminoadipate,to succinate,k26063,,
AA degradation,lysine,via aminooxohexanoate,to aminoadipate,k13609,"dpkA, lhpD; delta1-piperideine-2-carboxylate reductase [EC:1.5.1.21]",
AA degradation,lysine,via aminooxohexanoate,to aminoadipate,k00306,PIPOX; sarcosine oxidase / L-pipecolate oxidase [EC:1.5.3.1 1.5.3.7],
AA degradation,lysine,via aminooxohexanoate,to aminoadipate,k18854,LYC1; lysine N-acetyltransferase [EC:2.3.1.32],
AA degradation,lysine,via aminooxohexanoate,to aminoadipate,k26064,,
AA degradation,lysine,via aminooxohexanoate,to aminoadipate,k19743,lhpI; 1-piperideine-2-carboxylate/1-pyrroline-2-carboxylate reductase [NAD(P)H] [EC:1.5.1.1],
AA degradation,lysine,via aminooxohexanoate,to aminoadipate,k26065,,
AA degradation,lysine,to hydroxybutanoyl-CoA,,k01041,,
AA degradation,"arg, prol degradation",from arginine,shared,k13821,"putA; RHH-type transcriptional regulator, proline utilization regulon repressor / proline dehydrogenase / delta 1-pyrroline-5-carboxylate dehydrogenase [EC:1.5.5.2 1.2.1.88]",
AA degradation,"arg, prol degradation",from arginine,to proline,k01476,"E3.5.3.1, rocF, arg; arginase [EC:3.5.3.1]",
AA degradation,"arg, prol degradation",from arginine,to proline,k00819,"rocD, OAT; ornithine--oxo-acid transaminase [EC:2.6.1.13]",
AA degradation,"arg, prol degradation",from arginine,to proline,k00286,proC; pyrroline-5-carboxylate reductase [EC:1.5.1.2],
AA degradation,"arg, prol degradation",from arginine,to proline,k00318,"PRODH, fadM, putB; proline dehydrogenase [EC:1.5.5.2]",
AA degradation,"arg, prol degradation",from arginine,to proline,k01750,"E4.3.1.12, ocd; ornithine cyclodeaminase [EC:4.3.1.12]",
AA degradation,"arg, prol degradation",from arginine,to glutamate,k00673,astA; arginine N-succinyltransferase [EC:2.3.1.109],
AA degradation,"arg, prol degradation",from arginine,to glutamate,k01484,astB; succinylarginine dihydrolase [EC:3.5.3.23],
AA degradation,"arg, prol degradation",from arginine,to glutamate,k00840,astC; succinylornithine aminotransferase [EC:2.6.1.81],
AA degradation,"arg, prol degradation",from arginine,to glutamate,k06447,astD; succinylglutamic semialdehyde dehydrogenase [EC:1.2.1.71],
AA degradation,"arg, prol degradation",from arginine,to glutamate,k05526,astE; succinylglutamate desuccinylase [EC:3.5.1.96],
AA degradation,"arg, prol degradation",from arginine,to glutamate,k00294,E1.2.1.88; 1-pyrroline-5-carboxylate dehydrogenase [EC:1.2.1.88],
AA degradation,"arg, prol degradation",from arginine,to glutamate,k01478,arcA; arginine deiminase [EC:3.5.3.6],
AA degradation,"arg, prol degradation",from arginine,to 4 aminobutanoate,k12252,aruH; arginine:pyruvate transaminase [EC:2.6.1.84],
AA degradation,"arg, prol degradation",from arginine,to 4 aminobutanoate,k12255,gbuA; guanidinobutyrase [EC:3.5.3.7],
AA degradation,"arg, prol degradation",from arginine,to 4 aminobutanoate,k21639,E1.4.3.25; L-arginine oxidase [EC:1.4.3.25],
AA degradation,"arg, prol degradation",from arginine,to 4 aminobutanoate,k12253,aruI; 5-guanidino-2-oxopentanoate decarboxylase [EC:4.1.1.75],
AA degradation,"arg, prol degradation",from arginine,to putrescine,k01583,E4.1.1.19; arginine decarboxylase [EC:4.1.1.19],
AA degradation,"arg, prol degradation",from arginine,to putrescine,k01584,adiA; arginine decarboxylase [EC:4.1.1.19],
AA degradation,"arg, prol degradation",from arginine,to putrescine,k01585,speA; arginine decarboxylase [EC:4.1.1.19],
AA degradation,"arg, prol degradation",from arginine,to putrescine,k02626,pdaD; arginine decarboxylase [EC:4.1.1.19],
AA degradation,"arg, prol degradation",from arginine,to putrescine,k01480,speB; agmatinase [EC:3.5.3.11],
AA degradation,"arg, prol degradation",from arginine,to putrescine,k10536,aguA; agmatine deiminase [EC:3.5.3.12],
AA degradation,"arg, prol degradation",from arginine,to putrescine,k12251,aguB; N-carbamoylputrescine amidase [EC:3.5.1.53],
AA degradation,"arg, prol degradation",from arginine,to putrescine,k01581,"E4.1.1.17, ODC1, speC, speF; ornithine decarboxylase [EC:4.1.1.17]",
AA degradation,"arg, prol degradation",from putrescine,to 4 aminobutanoate,k09471,"puuB, ordL; gamma-glutamylputrescine oxidase [EC:1.4.3.-]",
AA degradation,"arg, prol degradation",from putrescine,to 4 aminobutanoate,k09472,"puuC, aldH; 4-(gamma-glutamylamino)butanal dehydrogenase [EC:1.2.1.99]",
AA degradation,"arg, prol degradation",from putrescine,to 4 aminobutanoate,k00657,"speG, SAT; diamine N-acetyltransferase [EC:2.3.1.57]",
AA degradation,"arg, prol degradation",from putrescine,to 4 aminobutanoate,k03343,puo; putrescine oxidase [EC:1.4.3.10],
AA degradation,"arg, prol degradation",from putrescine,to 4 aminobutanoate,k12256,spuC; putrescine---pyruvate transaminase [EC:2.6.1.113],
AA degradation,"arg, prol degradation",from putrescine,to 4 aminobutanoate,k09470,puuA; gamma-glutamylputrescine synthase [EC:6.3.1.11],
AA degradation,"arg, prol degradation",from putrescine,to 4 aminobutanoate,k11182,"AOC1, ABP1; diamine oxidase [EC:1.4.3.22]",
AA degradation,"arg, prol degradation",from proline,to aminopentanoate,k01777,prdF; proline racemase [EC:5.1.1.4],
AA degradation,"arg, prol degradation",from proline,to aminopentanoate,k10794,prdB; D-proline reductase (dithiol) PrdB [EC:1.21.4.1],
AA degradation,"arg, prol degradation",from proline,to aminopentanoate,k10793,prdA; D-proline reductase (dithiol) PrdA [EC:1.21.4.1],
AA degradation,"arg, prol degradation",from proline,to aminopentanoate,k21672,"ord; 2,4-diaminopentanoate dehydrogenase [EC:1.4.1.12 1.4.1.26]",
AA degradation,"arg, prol degradation",from proline,to glyoxylate and pyruvate,k00472,P4HA; prolyl 4-hydroxylase [EC:1.14.11.2],
AA degradation,"arg, prol degradation",from proline,to glyoxylate and pyruvate,k18123,HOGA1; 4-hydroxy-2-oxoglutarate aldolase [EC:4.1.3.16],
AA degradation,"arg, prol degradation",from proline,to glyoxylate and pyruvate,k11394,PRODH2; hydroxyproline dehydrogenase [EC:1.5.5.3],
AA degradation,histidine,from histidine,to glutamate,k01745,"hutH, HAL; histidine ammonia-lyase [EC:4.3.1.3]",
AA degradation,histidine,from histidine,to glutamate,k01712,"hutU, UROC1; urocanate hydratase [EC:4.2.1.49]",
AA degradation,histidine,from histidine,to glutamate,k01468,"hutI, AMDHD1; imidazolonepropionase [EC:3.5.2.7]",
AA degradation,histidine,from histidine,to glutamate,k05603,hutF; formimidoylglutamate deiminase [EC:3.5.3.13],
AA degradation,histidine,from histidine,to glutamate,k01458,hutG; N-formylglutamate deformylase [EC:3.5.1.68],
AA degradation,histidine,from histidine,to glutamate,k00603,fctD; glutamate formiminotransferase / 5-formyltetrahydrofolate cyclo-ligase [EC:2.1.2.5 6.3.3.2],
AA degradation,histidine,from histidine,to glutamate,k13990,FTCD; glutamate formiminotransferase / formiminotetrahydrofolate cyclodeaminase [EC:2.1.2.5 4.3.1.4],
AA degradation,histidine,from histidine,to glutamate,k01479,hutG; formiminoglutamase [EC:3.5.3.8],
AA degradation,histidine,from histidine,to aspartate,k01590,"hdc, HDC; histidine decarboxylase [EC:4.1.1.22]",
AA degradation,histidine,from histidine,to aspartate,k01437,"ASPA, aspA; aspartoacylase [EC:3.5.1.15]",
AA degradation,"phenylalanine, tyrosine, tryptophan",shared,shared,k00074,"paaH, hbd, fadB, mmgB; 3-hydroxybutyryl-CoA dehydrogenase [EC:1.1.1.157]",
AA degradation,"phenylalanine, tyrosine, tryptophan",shared,shared,k00129,E1.2.1.5; aldehyde dehydrogenase (NAD(P)+) [EC:1.2.1.5],
AA degradation,"phenylalanine, tyrosine, tryptophan",shared,shared,k00146,feaB; phenylacetaldehyde dehydrogenase [EC:1.2.1.39],
AA degradation,"phenylalanine, tyrosine, tryptophan",shared,shared,k00270,pdh; phenylalanine dehydrogenase [EC:1.4.1.20],
AA degradation,"phenylalanine, tyrosine, tryptophan",shared,shared,k00451,"HGD, hmgA; homogentisate 1,2-dioxygenase [EC:1.13.11.5]",
AA degradation,"phenylalanine, tyrosine, tryptophan",shared,shared,k00457,"HPD, hppD; 4-hydroxyphenylpyruvate dioxygenase [EC:1.13.11.27]",
AA degradation,"phenylalanine, tyrosine, tryptophan",shared,shared,k00815,TAT; tyrosine aminotransferase [EC:2.6.1.5],
AA degradation,"phenylalanine, tyrosine, tryptophan",shared,shared,k00817,hisC; histidinol-phosphate aminotransferase [EC:2.6.1.9],
AA degradation,"phenylalanine, tyrosine, tryptophan",shared,shared,k00832,tyrB; aromatic-amino-acid transaminase [EC:2.6.1.57],
AA degradation,"phenylalanine, tyrosine, tryptophan",shared,shared,k00838,ARO8; aromatic amino acid aminotransferase I / 2-aminoadipate transaminase [EC:2.6.1.57 2.6.1.39 2.6.1.27 2.6.1.5],
AA degradation,"phenylalanine, tyrosine, tryptophan",shared,shared,k01555,"FAH, fahA; fumarylacetoacetase [EC:3.7.1.2]",
AA degradation,"phenylalanine, tyrosine, tryptophan",shared,shared,k01593,"DDC, TDC; aromatic-L-amino-acid/L-tryptophan decarboxylase [EC:4.1.1.28 4.1.1.105]",
AA degradation,"phenylalanine, tyrosine, tryptophan",shared,shared,k01666,mhpE; 4-hydroxy 2-oxovalerate aldolase [EC:4.1.3.39],
AA degradation,"phenylalanine, tyrosine, tryptophan",shared,shared,k01800,"maiA, GSTZ1; maleylacetoacetate isomerase [EC:5.2.1.2]",
AA degradation,"phenylalanine, tyrosine, tryptophan",shared,shared,k02554,mhpD; 2-keto-4-pentenoate hydratase [EC:4.2.1.80],
AA degradation,"phenylalanine, tyrosine, tryptophan",shared,shared,k04113,"bcrB, badE; benzoyl-CoA reductase subunit B [EC:1.3.7.8]",
AA degradation,"phenylalanine, tyrosine, tryptophan",shared,shared,k04118,E1.3.1.62; pimeloyl-CoA dehydrogenase [EC:1.3.1.62],
AA degradation,"phenylalanine, tyrosine, tryptophan",shared,shared,k05821,ARO9; aromatic amino acid aminotransferase II [EC:2.6.1.58 2.6.1.28],
AA degradation,"phenylalanine, tyrosine, tryptophan",shared,shared,k07516,fadN; 3-hydroxyacyl-CoA dehydrogenase [EC:1.1.1.35],
AA degradation,"phenylalanine, tyrosine, tryptophan",shared,shared,k07535,badH; 2-hydroxycyclohexanecarboxyl-CoA dehydrogenase [EC:1.1.1.-],
AA degradation,"phenylalanine, tyrosine, tryptophan",shared,shared,k07536,badI; 2-ketocyclohexanecarboxyl-CoA hydrolase [EC:3.1.2.-],
AA degradation,"phenylalanine, tyrosine, tryptophan",shared,shared,k07537,"dch; cyclohexa-1,5-dienecarbonyl-CoA hydratase [EC:4.2.1.100]",
AA degradation,"phenylalanine, tyrosine, tryptophan",shared,shared,k07539,oah; 6-oxocyclohex-1-ene-carbonyl-CoA hydrolase [EC:3.7.1.21],
AA degradation,"phenylalanine, tyrosine, tryptophan",shared,shared,k08295,abmG; 2-aminobenzoate-CoA ligase [EC:6.2.1.32],
AA degradation,"phenylalanine, tyrosine, tryptophan",shared,shared,k10219,ligC; 2-hydroxy-4-carboxymuconate semialdehyde hemiacetal dehydrogenase [EC:1.1.1.312],
AA degradation,"phenylalanine, tyrosine, tryptophan",shared,shared,k13371,aauA; aralkylamine dehydrogenase light chain [EC:1.4.9.2],
AA degradation,"phenylalanine, tyrosine, tryptophan",shared,shared,k13767,fadB; enoyl-CoA hydratase [EC:4.2.1.17],
AA degradation,"phenylalanine, tyrosine, tryptophan",shared,shared,k15849,"PAT, AAT; bifunctional aspartate aminotransferase and glutamate/aspartate-prephenate aminotransferase [EC:2.6.1.1 2.6.1.78 2.6.1.79]",
AA degradation,"phenylalanine, tyrosine, tryptophan",shared,shared,k16171,faaH; fumarylacetoacetate (FAA) hydrolase [EC:3.7.1.2],
AA degradation,"phenylalanine, tyrosine, tryptophan",shared,shared,k16173,acd; glutaryl-CoA dehydrogenase (non-decarboxylating) [EC:1.3.99.32],
AA degradation,"phenylalanine, tyrosine, tryptophan",shared,shared,k16901,K16901; anthranilate 3-monooxygenase (FAD) / 4-hydroxyphenylacetate 3-monooxygenase [EC:1.14.14.8 1.14.14.9],
AA degradation,"phenylalanine, tyrosine, tryptophan",shared,shared,k16902,E1.5.1.45; FAD reductase [NAD(P)H] [EC:1.5.1.45],
AA degradation,"phenylalanine, tyrosine, tryptophan",phenylalanine: from phenylalanine via phenylacetamide to phenylacetate,,k03782,katG; catalase-peroxidase [EC:1.11.1.21],
AA degradation,"phenylalanine, tyrosine, tryptophan",phenylalanine: from phenylalanine via phenylacetamide to phenylacetate,,k21795,pao; phenylalanine 2-monooxygenase [EC:1.13.12.9],
AA degradation,"phenylalanine, tyrosine, tryptophan",phenylalanine: from phenylalanine via phenyl pyruvate t phenylacetate,,k00285,dadA; D-amino-acid dehydrogenase [EC:1.4.5.1],
AA degradation,"phenylalanine, tyrosine, tryptophan",phenylalanine: from phenylalanine via phenyl pyruvate t phenylacetate,,k12732,ARO10; phenylpyruvate decarboxylase [EC:4.1.1.-],
AA degradation,"phenylalanine, tyrosine, tryptophan",phenylalanine: from phenylalanine via phenyl pyruvate t phenylacetate,,k22328,PAAS; phenylacetaldehyde synthase [EC:4.1.1.109],
AA degradation,"phenylalanine, tyrosine, tryptophan",phenylalanine: from phenylalanine via phenyl pyruvate t phenylacetate,,k22427,AADC; phenylalanine decarboxylase [EC:4.1.1.53],
AA degradation,"phenylalanine, tyrosine, tryptophan",phenylalanine: from phenylalanine via phenyl pyruvate t phenylacetate,,k13372,aauB; aralkylamine dehydrogenase heavy chain [EC:1.4.9.2],
AA degradation,"phenylalanine, tyrosine, tryptophan",phenylalanine: from phenylacetate  to benzoyl-CoA,,k01912,paaK; phenylacetate-CoA ligase [EC:6.2.1.30],
AA degradation,"phenylalanine, tyrosine, tryptophan",phenylalanine: from phenylacetate  to benzoyl-CoA,,k18361,padB; phenylacetyl-CoA:acceptor oxidoreductase [EC:1.17.5.1 3.1.2.25],
AA degradation,"phenylalanine, tyrosine, tryptophan",phenylalanine: from phenylacetate  to benzoyl-CoA,,k18362,padC; phenylacetyl-CoA:acceptor oxidoreductase 27-kDa subunit,
AA degradation,"phenylalanine, tyrosine, tryptophan",phenylalanine: from phenylacetate  to benzoyl-CoA,,k18363,padD; phenylacetyl-CoA:acceptor oxidoreductase 26-kDa subunit,
AA degradation,"phenylalanine, tyrosine, tryptophan",phenylalanine: from phenylacetate  to benzoyl-CoA,,k18360,padA; phenylacetyl-CoA:acceptor oxidoreductase accessory protein,
AA degradation,"phenylalanine, tyrosine, tryptophan",phenylalanine: from phenylacetate  to benzoyl-CoA,,k18355,padG; phenylglyoxylate dehydrogenase alpha subunit [EC:1.2.1.58],
AA degradation,"phenylalanine, tyrosine, tryptophan",phenylalanine: from phenylacetate  to benzoyl-CoA,,k18356,padI; phenylglyoxylate dehydrogenase beta subunit [EC:1.2.1.58],
AA degradation,"phenylalanine, tyrosine, tryptophan",phenylalanine: from phenylacetate  to benzoyl-CoA,,k18357,padE; phenylglyoxylate dehydrogenase gamma subunit [EC:1.2.1.58],
AA degradation,"phenylalanine, tyrosine, tryptophan",phenylalanine: from phenylacetate  to benzoyl-CoA,,k18358,padF; phenylglyoxylate dehydrogenase delta subunit [EC:1.2.1.58],
AA degradation,"phenylalanine, tyrosine, tryptophan",phenylalanine: from phenylacetate  to benzoyl-CoA,,k18359,padH; phenylglyoxylate dehydrogenase epsilon subunit [EC:1.2.1.58],
AA degradation,"phenylalanine, tyrosine, tryptophan",phenylalanine: from phenylacetate  to acetyl-coA and succinate,,k02609,"paaA; ring-1,2-phenylacetyl-CoA epoxidase subunit PaaA [EC:1.14.13.149]",
AA degradation,"phenylalanine, tyrosine, tryptophan",phenylalanine: from phenylacetate  to acetyl-coA and succinate,,k02610,"paaB; ring-1,2-phenylacetyl-CoA epoxidase subunit PaaB",
AA degradation,"phenylalanine, tyrosine, tryptophan",phenylalanine: from phenylacetate  to acetyl-coA and succinate,,k02611,"paaC; ring-1,2-phenylacetyl-CoA epoxidase subunit PaaC [EC:1.14.13.149]",
AA degradation,"phenylalanine, tyrosine, tryptophan",phenylalanine: from phenylacetate  to acetyl-coA and succinate,,k02612,"paaD; ring-1,2-phenylacetyl-CoA epoxidase subunit PaaD",
AA degradation,"phenylalanine, tyrosine, tryptophan",phenylalanine: from phenylacetate  to acetyl-coA and succinate,,k02613,"paaE; ring-1,2-phenylacetyl-CoA epoxidase subunit PaaE",
AA degradation,"phenylalanine, tyrosine, tryptophan",phenylalanine: from phenylacetate  to acetyl-coA and succinate,,k15866,"paaG; 2-(1,2-epoxy-1,2-dihydrophenyl)acetyl-CoA isomerase [EC:5.3.3.18]",
AA degradation,"phenylalanine, tyrosine, tryptophan",phenylalanine: from phenylacetate  to acetyl-coA and succinate,,k02618,"paaZ; oxepin-CoA hydrolase / 3-oxo-5,6-dehydrosuberyl-CoA semialdehyde dehydrogenase [EC:3.3.2.12 1.2.1.91]",
AA degradation,"phenylalanine, tyrosine, tryptophan",phenylalanine: from phenylacetate  to acetyl-coA and succinate,,k02615,"paaJ; 3-oxo-5,6-didehydrosuberyl-CoA/3-oxoadipyl-CoA thiolase [EC:2.3.1.223 2.3.1.174]",
AA degradation,"phenylalanine, tyrosine, tryptophan","phenylalanine: from phenylalanine via transcinnamate to fumarate, succinate and acetyl-COA",,k10775,PAL; phenylalanine ammonia-lyase [EC:4.3.1.24],
AA degradation,"phenylalanine, tyrosine, tryptophan","phenylalanine: from phenylalanine via transcinnamate to fumarate, succinate and acetyl-COA",,k13064,PTAL; phenylalanine/tyrosine ammonia-lyase [EC:4.3.1.25],
AA degradation,"phenylalanine, tyrosine, tryptophan","phenylalanine: from phenylalanine via transcinnamate to fumarate, succinate and acetyl-COA",,k05708,"hcaE, hcaA1; 3-phenylpropionate/trans-cinnamate dioxygenase subunit alpha [EC:1.14.12.19]",
AA degradation,"phenylalanine, tyrosine, tryptophan","phenylalanine: from phenylalanine via transcinnamate to fumarate, succinate and acetyl-COA",,k05710,hcaC; 3-phenylpropionate/trans-cinnamate dioxygenase ferredoxin component,
AA degradation,"phenylalanine, tyrosine, tryptophan","phenylalanine: from phenylalanine via transcinnamate to fumarate, succinate and acetyl-COA",,k00529,hcaD; 3-phenylpropionate/trans-cinnamate dioxygenase ferredoxin reductase component [EC:1.18.1.3],
AA degradation,"phenylalanine, tyrosine, tryptophan","phenylalanine: from phenylalanine via transcinnamate to fumarate, succinate and acetyl-COA",,k05712,mhpA; 3-(3-hydroxy-phenyl)propionate hydroxylase [EC:1.14.13.127],
AA degradation,"phenylalanine, tyrosine, tryptophan","phenylalanine: from phenylalanine via transcinnamate to fumarate, succinate and acetyl-COA",,k05713,"mhpB; 2,3-dihydroxyphenylpropionate 1,2-dioxygenase [EC:1.13.11.16]",
AA degradation,"phenylalanine, tyrosine, tryptophan","phenylalanine: from phenylalanine via transcinnamate to fumarate, succinate and acetyl-COA",,k05714,"mhpC; 2-hydroxy-6-oxonona-2,4-dienedioate hydrolase [EC:3.7.1.14]",
AA degradation,"phenylalanine, tyrosine, tryptophan","phenylalanine: from phenylalanine via transcinnamate to fumarate, succinate and acetyl-COA",,k10797,enr; 2-enoate reductase [EC:1.3.1.31],
AA degradation,"phenylalanine, tyrosine, tryptophan","tyrosine: from tyrosine via homogentisate to pyruvate, maleate, fumarate and acetoacetate",,k00450,nagL; maleylpyruvate isomerase [EC:5.2.1.4],
AA degradation,"phenylalanine, tyrosine, tryptophan","tyrosine: from tyrosine via homogentisate to pyruvate, maleate, fumarate and acetoacetate",,k00450,"E1.13.11.4; gentisate 1,2-dioxygenase [EC:1.13.11.4]",
AA degradation,"phenylalanine, tyrosine, tryptophan","tyrosine: from tyrosine via homogentisate to pyruvate, maleate, fumarate and acetoacetate",,k16163,K16163; maleylpyruvate isomerase [EC:5.2.1.4],
AA degradation,"phenylalanine, tyrosine, tryptophan","tyrosine: from tyrosine via homogentisate to pyruvate, maleate, fumarate and acetoacetate",,k01801,nagL; maleylpyruvate isomerase [EC:5.2.1.4],
AA degradation,"phenylalanine, tyrosine, tryptophan","tyrosine: from tyrosine via homogentisate to pyruvate, maleate, fumarate and acetoacetate",,k01557,FAHD1; acylpyruvate hydrolase [EC:3.7.1.5],
AA degradation,"phenylalanine, tyrosine, tryptophan","tyrosine: from tyrosine via homogentisate to pyruvate, maleate, fumarate and acetoacetate",,k16164,K16164; acylpyruvate hydrolase [EC:3.7.1.5],
AA degradation,"phenylalanine, tyrosine, tryptophan","tyrosine: from tyrosine via homogentisate to pyruvate, maleate, fumarate and acetoacetate",,k16165,nagK; fumarylpyruvate hydrolase [EC:3.7.1.20],
AA degradation,"phenylalanine, tyrosine, tryptophan","tyrosine: from tyrosine via homogentisate to pyruvate, maleate, fumarate and acetoacetate",,k20758,hbzF; maleylpyruvate hydrolase [EC:3.7.1.23],
AA degradation,"phenylalanine, tyrosine, tryptophan",tyrosine: from tyrosine via hydroxyphenylacetaldehyde to 4-hydroxyphenylacetate,,k22329,TDC-1; tyrosine decarboxylase [EC:4.1.1.25],
AA degradation,"phenylalanine, tyrosine, tryptophan",tyrosine: from tyrosine via hydroxyphenylacetaldehyde to 4-hydroxyphenylacetate,,k01592,TYDC; tyrosine decarboxylase [EC:4.1.1.25],
AA degradation,"phenylalanine, tyrosine, tryptophan",tyrosine: from tyrosine via hydroxyphenylacetaldehyde to 4-hydroxyphenylacetate,,k22330,tyrDC; tyrosine decarboxylase [EC:4.1.1.25],
AA degradation,"phenylalanine, tyrosine, tryptophan",tyrosine: from tyrosine via hydroxyphenylacetaldehyde to 4-hydroxyphenylacetate,,k18923,stbD; antitoxin StbD,
AA degradation,"phenylalanine, tyrosine, tryptophan",tyrosine: from tyrosine via hydroxyphenylacetaldehyde to 4-hydroxyphenylacetate,,k25271,,
AA degradation,"phenylalanine, tyrosine, tryptophan",tyrosine: from tyrosine via hydroxyphenylacetaldehyde to 4-hydroxyphenylacetate,,k00327,POR; NADPH-ferrihemoprotein reductase [EC:1.6.2.4],
AA degradation,"phenylalanine, tyrosine, tryptophan","tyrosine: from 4-hydroxyphenylacetate via 3,4 dihydroxyphenylacetate to succinate semialdehyde",,k00483,hpaB; 4-hydroxyphenylacetate 3-monooxygenase [EC:1.14.14.9],
AA degradation,"phenylalanine, tyrosine, tryptophan","tyrosine: from 4-hydroxyphenylacetate via 3,4 dihydroxyphenylacetate to succinate semialdehyde",,k00484,hpaC; flavin reductase (NADH) [EC:1.5.1.36],
AA degradation,"phenylalanine, tyrosine, tryptophan","tyrosine: from 4-hydroxyphenylacetate via 3,4 dihydroxyphenylacetate to succinate semialdehyde",,k23492,C2-hpah; 4-hydroxyphenylacetate 3-monooxygenase [EC:1.14.14.9],
AA degradation,"phenylalanine, tyrosine, tryptophan","tyrosine: from 4-hydroxyphenylacetate via 3,4 dihydroxyphenylacetate to succinate semialdehyde",,k23470,"C1-hpah; 4-hydroxyphenylacetate 3-hydroxylase, reductase component [EC:1.5.1.36]",
AA degradation,"phenylalanine, tyrosine, tryptophan","tyrosine: from 4-hydroxyphenylacetate via 3,4 dihydroxyphenylacetate to succinate semialdehyde",,k00455,"hpaD, hpcB; 3,4-dihydroxyphenylacetate 2,3-dioxygenase [EC:1.13.11.15]",
AA degradation,"phenylalanine, tyrosine, tryptophan","tyrosine: from 4-hydroxyphenylacetate via 3,4 dihydroxyphenylacetate to succinate semialdehyde",,k00151,"hpaE, hpcC; 5-carboxymethyl-2-hydroxymuconic-semialdehyde dehydrogenase [EC:1.2.1.60]",
AA degradation,"phenylalanine, tyrosine, tryptophan","tyrosine: from 4-hydroxyphenylacetate via 3,4 dihydroxyphenylacetate to succinate semialdehyde",,k01826,"hpaF, hpcD; 5-carboxymethyl-2-hydroxymuconate isomerase [EC:5.3.3.10]",
AA degradation,"phenylalanine, tyrosine, tryptophan","tyrosine: from 4-hydroxyphenylacetate via 3,4 dihydroxyphenylacetate to succinate semialdehyde",,k05921,"hpaG; 5-oxopent-3-ene-1,2,5-tricarboxylate decarboxylase / 2-hydroxyhepta-2,4-diene-1,7-dioate isomerase [EC:4.1.1.68 5.3.3.-]",
AA degradation,"phenylalanine, tyrosine, tryptophan","tyrosine: from 4-hydroxyphenylacetate via 3,4 dihydroxyphenylacetate to succinate semialdehyde",,k02509,"hpaH; 2-oxo-hept-3-ene-1,7-dioate hydratase [EC:4.2.1.-]",
AA degradation,"phenylalanine, tyrosine, tryptophan","tyrosine: from 4-hydroxyphenylacetate via 3,4 dihydroxyphenylacetate to succinate semialdehyde",,k02510,"hpaI, hpcH; 4-hydroxy-2-oxoheptanedioate aldolase [EC:4.1.2.52]",
AA degradation,"phenylalanine, tyrosine, tryptophan",tryptophan: from tryptophan via kynurenine to 3-hydroxyanthranilate,,k14263,BNA7; kynurenine formamidase [EC:3.5.1.9],
AA degradation,"phenylalanine, tyrosine, tryptophan",tryptophan: from tryptophan via kynurenine to 3-hydroxyanthranilate,,k00453,"TDO2, kynA; tryptophan 2,3-dioxygenase [EC:1.13.11.11]",
AA degradation,"phenylalanine, tyrosine, tryptophan",tryptophan: from tryptophan via kynurenine to 3-hydroxyanthranilate,,k00463,"IDO, INDO; indoleamine 2,3-dioxygenase [EC:1.13.11.52]",
AA degradation,"phenylalanine, tyrosine, tryptophan",tryptophan: from tryptophan via kynurenine to 3-hydroxyanthranilate,,k01432,AFMID; arylformamidase [EC:3.5.1.9],
AA degradation,"phenylalanine, tyrosine, tryptophan",tryptophan: from tryptophan via kynurenine to 3-hydroxyanthranilate,,k07130,kynB; arylformamidase [EC:3.5.1.9],
AA degradation,"phenylalanine, tyrosine, tryptophan",tryptophan: from tryptophan via kynurenine to 3-hydroxyanthranilate,,k00486,KMO; kynurenine 3-monooxygenase [EC:1.14.13.9],
AA degradation,"phenylalanine, tyrosine, tryptophan",tryptophan: from tryptophan via kynurenine to 3-hydroxyanthranilate,,k01556,"KYNU, kynU; kynureninase [EC:3.7.1.3]",
AA degradation,"phenylalanine, tyrosine, tryptophan",tryptophan: from 3 hydroxyanthranilate via kynurenine to acetoacetyl-CoA,,k00452,"HAAO; 3-hydroxyanthranilate 3,4-dioxygenase [EC:1.13.11.6]",
AA degradation,"phenylalanine, tyrosine, tryptophan",tryptophan: from 3 hydroxyanthranilate via kynurenine to acetoacetyl-CoA,,k03392,ACMSD; aminocarboxymuconate-semialdehyde decarboxylase [EC:4.1.1.45],
AA degradation,"phenylalanine, tyrosine, tryptophan",tryptophan: from 3 hydroxyanthranilate via kynurenine to acetoacetyl-CoA,,k10217,"dmpC, xylG, praB; aminomuconate-semialdehyde/2-hydroxymuconate-6-semialdehyde dehydrogenase [EC:1.2.1.32 1.2.1.85]",
AA degradation,"phenylalanine, tyrosine, tryptophan",tryptophan: from 3 hydroxyanthranilate via kynurenine to acetoacetyl-CoA,,k23234,ALDH8A1; aminomuconate-semialdehyde dehydrogenase [EC:1.2.1.32],
AA degradation,"alanine, aspartate, asparagine, glutamate, glutamine",alanine,2 (rev),k00814,"GPT, ALT; alanine transaminase [EC:2.6.1.2]",
AA degradation,"alanine, aspartate, asparagine, glutamate, glutamine",alanine,2 (rev),k14260,alaA; alanine-synthesizing transaminase [EC:2.6.1.66 2.6.1.2],
AA degradation,"alanine, aspartate, asparagine, glutamate, glutamine",glutamate,1 rev,k00260,"gudB, rocG; glutamate dehydrogenase [EC:1.4.1.2]",
AA degradation,"alanine, aspartate, asparagine, glutamate, glutamine",glutamate,1 rev,k15371,GDH2; glutamate dehydrogenase [EC:1.4.1.2],
AA degradation,"alanine, aspartate, asparagine, glutamate, glutamine",glutamate,1 rev,k00261,"GLUD1_2, gdhA; glutamate dehydrogenase (NAD(P)+) [EC:1.4.1.3]",
AA degradation,"alanine, aspartate, asparagine, glutamate, glutamine",glutamate,1 rev,k00262,"E1.4.1.4, gdhA; glutamate dehydrogenase (NADP+) [EC:1.4.1.4]",
AA degradation,"alanine, aspartate, asparagine, glutamate, glutamine",glutamate,2- via gaba,k08324,sad; succinate-semialdehyde dehydrogenase [EC:1.2.1.16 1.2.1.24],
AA degradation,"alanine, aspartate, asparagine, glutamate, glutamine",glutamine,1,k01425,"glsA, GLS; glutaminase [EC:3.5.1.2]",
AA degradation,"alanine, aspartate, asparagine, glutamate, glutamine",glutamine,1,k11540,CAD; carbamoyl-phosphate synthase / aspartate carbamoyltransferase / dihydroorotase [EC:6.3.5.5 2.1.3.2 3.5.2.3],
AA degradation,"alanine, aspartate, asparagine, glutamate, glutamine",glutamine,1,k11541,URA2; carbamoyl-phosphate synthase / aspartate carbamoyltransferase [EC:6.3.5.5 2.1.3.2],
AA degradation,"alanine, aspartate, asparagine, glutamate, glutamine",glutamine,1,k01955,"carB, CPA2; carbamoyl-phosphate synthase large subunit [EC:6.3.5.5]",
AA degradation,"alanine, aspartate, asparagine, glutamate, glutamine",glutamine,1,k01956,"carA, CPA1; carbamoyl-phosphate synthase small subunit [EC:6.3.5.5]",
AA degradation,"alanine, aspartate, asparagine, glutamate, glutamine",aspartate,1 - to fumarate,k01744,aspA; aspartate ammonia-lyase [EC:4.3.1.1],
AA degradation,"alanine, aspartate, asparagine, glutamate, glutamine",aspartate,1 - to fumarate,k01939,"purA, ADSS; adenylosuccinate synthase [EC:6.3.4.4]",
AA degradation,"alanine, aspartate, asparagine, glutamate, glutamine",aspartate,1 - to fumarate,k01940,"argG, ASS1; argininosuccinate synthase [EC:6.3.4.5]",
AA degradation,"alanine, aspartate, asparagine, glutamate, glutamine",aspartate,1 - to fumarate,k01756,"purB, ADSL; adenylosuccinate lyase [EC:4.3.2.2]",
AA degradation,"alanine, aspartate, asparagine, glutamate, glutamine",aspartate,1 - to fumarate,k01755,"argH, ASL; argininosuccinate lyase [EC:4.3.2.1]",
AA degradation,"alanine, aspartate, asparagine, glutamate, glutamine",aspartate,1 - to fumarate,k14681,argHA; argininosuccinate lyase / amino-acid N-acetyltransferase [EC:4.3.2.1 2.3.1.1],
AA degradation,"alanine, aspartate, asparagine, glutamate, glutamine",aspartate,2 - to oaa,k01779,racD; aspartate racemase [EC:5.1.1.13],
AA degradation,"alanine, aspartate, asparagine, glutamate, glutamine",aspartate,2 - to oaa,k00272,DDO; D-aspartate oxidase [EC:1.4.3.1],
AA degradation,"alanine, aspartate, asparagine, glutamate, glutamine",aspartate,2 - to oaa,k00278,nadB; L-aspartate oxidase [EC:1.4.3.16],
AA degradation,"alanine, aspartate, asparagine, glutamate, glutamine",asparagine,1- to aspartate,k01424,"E3.5.1.1, ansA, ansB; L-asparaginase [EC:3.5.1.1]",
AA degradation,"alanine, aspartate, asparagine, glutamate, glutamine",asparagine,1- to aspartate,k13051,"ASRGL1, iaaA; L-asparaginase / beta-aspartyl-peptidase [EC:3.5.1.1 3.4.19.5]",
AA degradation,"serine, glycine, threonine",serine,shared,k17989,"SDS, SDH, CHA1; L-serine/L-threonine ammonia-lyase [EC:4.3.1.17 4.3.1.19]",
AA degradation,"serine, glycine, threonine",serine,shared,k01754,"E4.3.1.19, ilvA, tdcB; threonine dehydratase [EC:4.3.1.19]",
AA degradation,"serine, glycine, threonine",serine,shared,k07248,aldA; lactaldehyde dehydrogenase / glycolaldehyde dehydrogenase [EC:1.2.1.22 1.2.1.21],
AA degradation,"serine, glycine, threonine",serine,shared,k00018,hprA; glycerate dehydrogenase [EC:1.1.1.29],
AA degradation,"serine, glycine, threonine",serine,shared,k00049,GRHPR; glyoxylate/hydroxypyruvate reductase [EC:1.1.1.79 1.1.1.81],
AA degradation,"serine, glycine, threonine",serine,shared,k00090,ghrB; glyoxylate/hydroxypyruvate/2-ketogluconate reductase [EC:1.1.1.79 1.1.1.81 1.1.1.215],
AA degradation,"serine, glycine, threonine",serine,shared,k12972,ghrA; glyoxylate/hydroxypyruvate reductase [EC:1.1.1.79 1.1.1.81],
AA degradation,"serine, glycine, threonine",serine,1- to pyruvate,k01752,"E4.3.1.17, sdaA, sdaB, tdcG; L-serine dehydratase [EC:4.3.1.17]",
AA degradation,"serine, glycine, threonine",serine,1- to pyruvate,k01753,dsdA; D-serine dehydratase [EC:4.3.1.18],
AA degradation,"serine, glycine, threonine",serine,2- via hydroxypyruvate to glyoxylate,k11517,HAO; (S)-2-hydroxy-acid oxidase [EC:1.1.3.15],
AA degradation,"serine, glycine, threonine",serine,2- via hydroxypyruvate to glyoxylate,k00104,glcD; glycolate oxidase [EC:1.1.3.15],
AA degradation,"serine, glycine, threonine",serine,2- via hydroxypyruvate to glyoxylate,k11472,glcE; glycolate oxidase FAD binding subunit,
AA degradation,"serine, glycine, threonine",serine,2- via hydroxypyruvate to glyoxylate,k11473,glcF; glycolate oxidase iron-sulfur subunit,
AA degradation,"serine, glycine, threonine",serine,2- via hydroxypyruvate to glyoxylate,k00015,"gyaR, GOR1; glyoxylate reductase [EC:1.1.1.26]",
AA degradation,"serine, glycine, threonine",serine,2- via hydroxypyruvate to glyoxylate,k18121,GLYR; glyoxylate/succinic semialdehyde reductase [EC:1.1.1.79 1.1.1.-],
AA degradation,"serine, glycine, threonine",threonine,1- via oxobutanoate to succinyl-CoA,k00656,"E2.3.1.54, pflD; formate C-acetyltransferase [EC:2.3.1.54]",
AA degradation,"serine, glycine, threonine",threonine,1- via oxobutanoate to succinyl-CoA,k13788,pta; phosphate acetyltransferase [EC:2.3.1.8],
AA degradation,"serine, glycine, threonine",threonine,1- via oxobutanoate to succinyl-CoA,k00625,"E2.3.1.8, pta; phosphate acetyltransferase [EC:2.3.1.8]",
AA degradation,"serine, glycine, threonine",threonine,1- via oxobutanoate to succinyl-CoA,k15024,K15024; putative phosphotransacetylase [EC:2.3.1.8],
AA degradation,"serine, glycine, threonine",threonine,1- via oxobutanoate to succinyl-CoA,k03416,E2.1.3.1-5S; methylmalonyl-CoA carboxyltransferase 5S subunit [EC:2.1.3.1],
AA degradation,"serine, glycine, threonine",threonine,2 - to pyruvate,k15789,TDH; threonine 3-dehydrogenase [EC:1.1.1.103],
AA degradation,"serine, glycine, threonine",threonine,2 - to pyruvate,k00060,tdh; threonine 3-dehydrogenase [EC:1.1.1.103],
AA degradation,"serine, glycine, threonine",threonine,3 - glycine plus acetaldehyde,k01620,ltaE; threonine aldolase [EC:4.1.2.48],
AA degradation,"serine, glycine, threonine",glycine,1 - glycine to glyoxylate,k00273,"DAO, aao; D-amino-acid oxidase [EC:1.4.3.3]",
AA degradation,"serine, glycine, threonine",glycine,2- to methylene THF,k00281,"GLDC, gcvP; glycine dehydrogenase [EC:1.4.4.2]",
AA degradation,"serine, glycine, threonine",glycine,2- to methylene THF,k00282,gcvPA; glycine dehydrogenase subunit 1 [EC:1.4.4.2],
AA degradation,"serine, glycine, threonine",glycine,2- to methylene THF,k00283,gcvPB; glycine dehydrogenase subunit 2 [EC:1.4.4.2],
AA degradation,"serine, glycine, threonine",glycine,2- to methylene THF,k00605,"gcvT, AMT; aminomethyltransferase [EC:2.1.2.10]",
AA degradation,"serine, glycine, threonine",glycine,3- glycine to pyruvate via serine and 1 C metabolism,k00600,"glyA, SHMT; glycine hydroxymethyltransferase [EC:2.1.2.1]",